{
  "key": "group_sd_acomod",
  "title": "Acomodação – Campos",
  "fields": [
    {
      "key": "acomod_galeria",
      "label": "Galeria",
      "name": "acomod_galeria",
      "type": "gallery"
    },
    {
      "key": "acomod_hotel",
      "label": "Hotel (pai)",
      "name": "acomod_hotel",
      "type": "post_object",
      "post_type": [
        "hoteis"
      ]
    }
  ],
  "location": [
    [
      {
        "param": "post_type",
        "operator": "==",
        "value": "acomodacao"
      }
    ]
  ]
}
