
[
    {
        "key": "group_sd_home",
        "title": "1. Home page",
        "fields": [
            {
                "key": "home_banner_imagem",
                "label": "Imagem do banner",
                "name": "home_banner_imagem",
                "aria-label": "",
                "type": "image",
                "instructions": "",
                "required": 0,
                "conditional_logic": 0,
                "wrapper": {
                    "width": "",
                    "class": "",
                    "id": ""
                },
                "return_format": "url",
                "library": "all",
                "min_width": "",
                "min_height": "",
                "min_size": "",
                "max_width": "",
                "max_height": "",
                "max_size": "",
                "mime_types": "",
                "allow_in_bindings": 1,
                "preview_size": "medium"
            },
            {
                "key": "home_banner_titulo",
                "label": "Título",
                "name": "home_banner_titulo",
                "aria-label": "",
                "type": "text",
                "instructions": "",
                "required": false,
                "conditional_logic": false,
                "wrapper": {
                    "width": "",
                    "class": "",
                    "id": ""
                },
                "default_value": "",
                "maxlength": "",
                "placeholder": "",
                "prepend": "",
                "append": ""
            },
            {
                "key": "home_banner_sub",
                "label": "Subtítulo",
                "name": "home_banner_sub",
                "aria-label": "",
                "type": "text",
                "instructions": "",
                "required": false,
                "conditional_logic": false,
                "wrapper": {
                    "width": "",
                    "class": "",
                    "id": ""
                },
                "default_value": "",
                "maxlength": "",
                "placeholder": "",
                "prepend": "",
                "append": ""
            },
            {
                "key": "home_experiencia_galeria",
                "label": "Galeria Experiência",
                "name": "home_experiencia_galeria",
                "aria-label": "",
                "type": "gallery",
                "instructions": "",
                "required": false,
                "conditional_logic": false,
                "wrapper": {
                    "width": "",
                    "class": "",
                    "id": ""
                },
                "return_format": "array",
                "preview_size": "medium",
                "insert": "append",
                "library": "all",
                "min": 0,
                "max": 0,
                "min_width": 0,
                "min_height": 0,
                "min_size": 0,
                "max_width": 0,
                "max_height": 0,
                "max_size": 0,
                "mime_types": ""
            },
            {
                "key": "home_instagram_titulo",
                "label": "Título Instagram",
                "name": "home_instagram_titulo",
                "aria-label": "",
                "type": "text",
                "instructions": "",
                "required": false,
                "conditional_logic": false,
                "wrapper": {
                    "width": "",
                    "class": "",
                    "id": ""
                },
                "default_value": "",
                "maxlength": "",
                "placeholder": "",
                "prepend": "",
                "append": ""
            },
            {
                "key": "home_instagram_shortcode",
                "label": "Shortcode Instagram",
                "name": "home_instagram_shortcode",
                "aria-label": "",
                "type": "text",
                "instructions": "",
                "required": false,
                "conditional_logic": false,
                "wrapper": {
                    "width": "",
                    "class": "",
                    "id": ""
                },
                "default_value": "",
                "maxlength": "",
                "placeholder": "",
                "prepend": "",
                "append": ""
            }
        ],
        "location": [
            [
                {
                    "param": "page_template",
                    "operator": "==",
                    "value": "page-home-pack.php"
                }
            ]
        ],
        "menu_order": 0,
        "position": "acf_after_title",
        "style": "seamless",
        "label_placement": "top",
        "instruction_placement": "field",
        "hide_on_screen": [
            "the_content",
            "excerpt",
            "discussion",
            "comments",
            "format",
            "featured_image",
            "send-trackbacks"
        ],
        "active": true,
        "description": "",
        "show_in_rest": 1
    }
]
