{
    "key": "group_67a5689ae9d09",
    "title": "Imagem da Categoria",
    "fields": [
        {
            "key": "field_67a5689bd7912",
            "label": "Imagem Categoria",
            "name": "imagem_categoria",
            "aria-label": "",
            "type": "image",
            "instructions": "",
            "required": 0,
            "conditional_logic": 0,
            "wrapper": {
                "width": "",
                "class": "imgCategoria",
                "id": ""
            },
            "return_format": "url",
            "library": "all",
            "default_value": "",
            "min_width": "",
            "min_height": "",
            "min_size": "",
            "max_width": "",
            "max_height": "",
            "max_size": "",
            "mime_types": "",
            "allow_in_bindings": 1,
            "preview_size": "medium"
        }
    ],
    "location": [
        [
            {
                "param": "taxonomy",
                "operator": "==",
                "value": "especialidade"
            }
        ]
    ],
    "menu_order": 4,
    "position": "acf_after_title",
    "style": "default",
    "label_placement": "top",
    "instruction_placement": "label",
    "hide_on_screen": "",
    "active": true,
    "description": "Imagem da Categoria",
    "show_in_rest": 0,
    "modified": 1740986340
}
