{
    "key": "group_6743bc7db34bc",
    "title": "Equipe",
    "fields": [
        {
            "key": "field_6743bc7e07bf8",
            "label": "Imagem Integrante",
            "name": "imagem_integrante",
            "aria-label": "",
            "type": "image",
            "instructions": "",
            "required": 1,
            "conditional_logic": 0,
            "wrapper": {
                "width": "35",
                "class": "",
                "id": ""
            },
            "return_format": "url",
            "library": "all",
            "default_value": "",
            "min_width": "",
            "min_height": "",
            "min_size": "",
            "max_width": "",
            "max_height": "",
            "max_size": "",
            "mime_types": "",
            "allow_in_bindings": 1,
            "preview_size": "medium"
        },
        {
            "key": "field_6743bcf0a8681",
            "label": "Artigo Definido",
            "name": "artigo_definido",
            "aria-label": "",
            "type": "radio",
            "instructions": "Defina se é Ela (a) ou Ele (o)",
            "required": 0,
            "conditional_logic": 0,
            "wrapper": {
                "width": "30",
                "class": "",
                "id": ""
            },
            "choices": {
                "a": "a",
                "o": "o"
            },
            "default_value": "",
            "return_format": "value",
            "allow_null": 0,
            "other_choice": 0,
            "allow_in_bindings": 1,
            "layout": "horizontal",
            "save_other_choice": 0
        },
        {
            "key": "field_6743bc7e0b75a",
            "label": "Cargo",
            "name": "cargo",
            "aria-label": "",
            "type": "taxonomy",
            "instructions": "",
            "required": 0,
            "conditional_logic": 0,
            "wrapper": {
                "width": "35",
                "class": "",
                "id": ""
            },
            "taxonomy": "cargo",
            "add_term": 1,
            "save_terms": 1,
            "load_terms": 1,
            "return_format": "object",
            "field_type": "select",
            "allow_null": 0,
            "allow_in_bindings": 1,
            "bidirectional": 1,
            "bidirectional_target": [
                "field_6743bc7e0b75a"
            ],
            "multiple": 0
        },
        {
            "key": "field_674eb5d24ed25",
            "label": "Texto currículo integrante",
            "name": "texto_curriculo_integrante",
            "aria-label": "",
            "type": "textarea",
            "instructions": "",
            "required": 0,
            "conditional_logic": 0,
            "wrapper": {
                "width": "",
                "class": "",
                "id": ""
            },
            "default_value": "",
            "maxlength": "",
            "allow_in_bindings": 0,
            "rows": 5,
            "placeholder": "",
            "new_lines": "wpautop"
        },
        {
            "key": "field_674eb6054ed26",
            "label": "Redes Sociais",
            "name": "redes_sociais",
            "aria-label": "",
            "type": "group",
            "instructions": "",
            "required": 0,
            "conditional_logic": 0,
            "wrapper": {
                "width": "",
                "class": "",
                "id": ""
            },
            "layout": "block",
            "sub_fields": []
        },
        {
            "key": "field_67560e864d34f",
            "label": "Ícone Rede 1",
            "name": "icone_rede_1",
            "aria-label": "",
            "type": "font-awesome",
            "instructions": "",
            "required": 0,
            "conditional_logic": 0,
            "wrapper": {
                "width": "30",
                "class": "",
                "id": ""
            },
            "icon_sets": [
                "solid",
                "regular",
                "brands"
            ],
            "custom_icon_set": "",
            "default_label": "",
            "default_value": "",
            "save_format": "element",
            "allow_null": 0,
            "show_preview": 0,
            "enqueue_fa": 0,
            "allow_in_bindings": 0,
            "fa_live_preview": "",
            "choices": []
        },
        {
            "key": "field_674eb76e2e35f",
            "label": "Link Rede 1",
            "name": "link_rede_1",
            "aria-label": "",
            "type": "text",
            "instructions": "",
            "required": 0,
            "conditional_logic": 0,
            "wrapper": {
                "width": "67",
                "class": "",
                "id": ""
            },
            "default_value": "",
            "maxlength": "",
            "allow_in_bindings": 0,
            "placeholder": "",
            "prepend": "",
            "append": ""
        },
        {
            "key": "field_675614c35d8a7",
            "label": "Ícone Rede 2",
            "name": "icone_rede_2",
            "aria-label": "",
            "type": "font-awesome",
            "instructions": "",
            "required": 0,
            "conditional_logic": [
                [
                    {
                        "field": "field_674eb76e2e35f",
                        "operator": "!=empty"
                    }
                ]
            ],
            "wrapper": {
                "width": "30",
                "class": "",
                "id": ""
            },
            "icon_sets": [
                "solid",
                "regular",
                "brands"
            ],
            "custom_icon_set": "",
            "default_label": "",
            "default_value": "",
            "save_format": "element",
            "allow_null": 0,
            "show_preview": 0,
            "enqueue_fa": 0,
            "allow_in_bindings": 1,
            "fa_live_preview": "",
            "choices": []
        },
        {
            "key": "field_674eb83a2e360",
            "label": "Link Rede 2",
            "name": "link_rede_2",
            "aria-label": "",
            "type": "text",
            "instructions": "",
            "required": 0,
            "conditional_logic": [
                [
                    {
                        "field": "field_674eb76e2e35f",
                        "operator": "!=empty"
                    }
                ]
            ],
            "wrapper": {
                "width": "67",
                "class": "",
                "id": ""
            },
            "default_value": "",
            "maxlength": "",
            "allow_in_bindings": 1,
            "placeholder": "",
            "prepend": "",
            "append": ""
        },
        {
            "key": "field_6756152d04558",
            "label": "Ícone Rede 3",
            "name": "icone_rede_3",
            "aria-label": "",
            "type": "font-awesome",
            "instructions": "",
            "required": 0,
            "conditional_logic": [
                [
                    {
                        "field": "field_674eb83a2e360",
                        "operator": "!=empty"
                    }
                ]
            ],
            "wrapper": {
                "width": "30",
                "class": "",
                "id": ""
            },
            "icon_sets": [
                "solid",
                "regular",
                "brands"
            ],
            "custom_icon_set": "",
            "default_label": "",
            "default_value": "",
            "save_format": "element",
            "allow_null": 0,
            "show_preview": 0,
            "enqueue_fa": 0,
            "allow_in_bindings": 0,
            "fa_live_preview": "",
            "choices": []
        },
        {
            "key": "field_674eb8402e361",
            "label": "Link Rede 3",
            "name": "link_rede_3",
            "aria-label": "",
            "type": "text",
            "instructions": "",
            "required": 0,
            "conditional_logic": [
                [
                    {
                        "field": "field_674eb83a2e360",
                        "operator": "!=empty"
                    }
                ]
            ],
            "wrapper": {
                "width": "67",
                "class": "",
                "id": ""
            },
            "default_value": "",
            "maxlength": "",
            "allow_in_bindings": 0,
            "placeholder": "",
            "prepend": "",
            "append": ""
        },
        {
            "key": "field_6756153f04559",
            "label": "Ícone Rede 4",
            "name": "icone_rede_4",
            "aria-label": "",
            "type": "font-awesome",
            "instructions": "",
            "required": 0,
            "conditional_logic": [
                [
                    {
                        "field": "field_674eb8402e361",
                        "operator": "!=empty"
                    }
                ]
            ],
            "wrapper": {
                "width": "30",
                "class": "",
                "id": ""
            },
            "icon_sets": [
                "solid",
                "regular",
                "brands"
            ],
            "custom_icon_set": "",
            "default_label": "",
            "default_value": "",
            "save_format": "element",
            "allow_null": 0,
            "show_preview": 0,
            "enqueue_fa": 0,
            "allow_in_bindings": 0,
            "fa_live_preview": "",
            "choices": []
        },
        {
            "key": "field_674eb8432e362",
            "label": "Link Rede 4",
            "name": "link_rede_4",
            "aria-label": "",
            "type": "text",
            "instructions": "",
            "required": 0,
            "conditional_logic": [
                [
                    {
                        "field": "field_674eb8402e361",
                        "operator": "!=empty"
                    }
                ]
            ],
            "wrapper": {
                "width": "67",
                "class": "",
                "id": ""
            },
            "default_value": "",
            "maxlength": "",
            "allow_in_bindings": 0,
            "placeholder": "",
            "prepend": "",
            "append": ""
        }
    ],
    "location": [
        [
            {
                "param": "post_type",
                "operator": "==",
                "value": "integrantes"
            }
        ]
    ],
    "menu_order": 0,
    "position": "normal",
    "style": "default",
    "label_placement": "top",
    "instruction_placement": "label",
    "hide_on_screen": [
        "permalink",
        "the_content",
        "excerpt",
        "discussion",
        "comments",
        "revisions",
        "slug",
        "author",
        "format",
        "page_attributes",
        "featured_image",
        "categories",
        "tags",
        "send-trackbacks"
    ],
    "active": true,
    "description": "Equipe",
    "show_in_rest": 0,
    "modified": 1733704643
}
