{
  "key": "group_page_sobre",
  "title": "Página Sobre",
  "fields": [
    {
      "key": "field_sobre_sections",
      "label": "Seções da Página Sobre",
      "name": "sobre_sections",
      "type": "flexible_content",
      "button_label": "Adicionar seção",
      "layouts": [
        {
          "key": "layout_sobre_hero",
          "name": "hero",
          "label": "Hero",
          "display": "block",
          "sub_fields": [
            {
              "key": "field_sobre_hero_bg",
              "label": "Imagem de Fundo",
              "name": "hero_bg",
              "type": "image",
              "return_format": "array",
              "preview_size": "large",
              "library": "all"
            },
            {
              "key": "field_sobre_hero_show_play",
              "label": "Mostrar Botão Play",
              "name": "hero_show_play",
              "type": "true_false",
              "default_value": 1
            }
          ]
        },
        {
          "key": "layout_sobre_search",
          "name": "search",
          "label": "Barra de Busca",
          "display": "block",
          "sub_fields": []
        },
        {
          "key": "layout_sobre_founders",
          "name": "founders",
          "label": "Fundadores",
          "display": "block",
          "sub_fields": [
            {
              "key": "field_sobre_founders_title",
              "label": "Título",
              "name": "section_title",
              "type": "text",
              "default_value": "Como tudo começou"
            },
            {
              "key": "field_sobre_founders_label",
              "label": "Etiqueta",
              "name": "section_label",
              "type": "text",
              "default_value": "Fundadores San Diego"
            },
            {
              "key": "field_sobre_founders_items",
              "label": "Fundadores",
              "name": "founders",
              "type": "repeater",
              "layout": "row",
              "button_label": "Adicionar fundador",
              "sub_fields": [
                {
                  "key": "field_sobre_founder_photo",
                  "label": "Foto",
                  "name": "photo",
                  "type": "image",
                  "return_format": "array",
                  "preview_size": "medium"
                },
                {
                  "key": "field_sobre_founder_name",
                  "label": "Nome",
                  "name": "name",
                  "type": "text"
                },
                {
                  "key": "field_sobre_founder_role",
                  "label": "Cargo ou destaque",
                  "name": "role",
                  "type": "text"
                },
                {
                  "key": "field_sobre_founder_bio",
                  "label": "Texto",
                  "name": "bio",
                  "type": "textarea",
                  "rows": 3
                }
              ]
            },
            {
              "key": "field_sobre_founders_content",
              "label": "Conteúdo",
              "name": "section_content",
              "type": "wysiwyg",
              "tabs": "all",
              "toolbar": "full",
              "media_upload": 0
            },
            {
              "key": "field_sobre_founders_image",
              "label": "Imagem destaque",
              "name": "section_image",
              "type": "image",
              "return_format": "array",
              "preview_size": "large"
            }
          ]
        },
        {
          "key": "layout_sobre_timeline",
          "name": "timeline",
          "label": "Timeline",
          "display": "block",
          "sub_fields": [
            {
              "key": "field_sobre_timeline_title",
              "label": "Título da seção",
              "name": "timeline_title",
              "type": "text",
              "default_value": "Timeline"
            },
            {
              "key": "field_sobre_timeline_subtitle",
              "label": "Descrição",
              "name": "timeline_subtitle",
              "type": "textarea",
              "rows": 3
            },
            {
              "key": "field_sobre_timeline_items",
              "label": "Eventos",
              "name": "timeline_items",
              "type": "repeater",
              "layout": "block",
              "button_label": "Adicionar evento",
              "sub_fields": [
                {
                  "key": "field_sobre_timeline_year",
                  "label": "Ano",
                  "name": "year",
                  "type": "text"
                },
                {
                  "key": "field_sobre_timeline_heading",
                  "label": "Título",
                  "name": "heading",
                  "type": "text"
                },
                {
                  "key": "field_sobre_timeline_desc",
                  "label": "Descrição",
                  "name": "description",
                  "type": "textarea",
                  "rows": 3
                },
                {
                  "key": "field_sobre_timeline_image",
                  "label": "Imagem",
                  "name": "image",
                  "type": "image",
                  "return_format": "array",
                  "preview_size": "medium"
                }
              ]
            }
          ]
        },
        {
          "key": "layout_sobre_leadership",
          "name": "leadership",
          "label": "Time de Liderança",
          "display": "block",
          "sub_fields": [
            {
              "key": "field_sobre_leadership_title",
              "label": "Título",
              "name": "leadership_title",
              "type": "text",
              "default_value": "Time de Liderança"
            },
            {
              "key": "field_sobre_leadership_subtitle",
              "label": "Descrição",
              "name": "leadership_subtitle",
              "type": "textarea",
              "rows": 3
            },
            {
              "key": "field_sobre_leadership_members",
              "label": "Integrantes",
              "name": "leadership_members",
              "type": "repeater",
              "layout": "row",
              "button_label": "Adicionar integrante",
              "sub_fields": [
                {
                  "key": "field_sobre_leader_photo",
                  "label": "Foto",
                  "name": "photo",
                  "type": "image",
                  "return_format": "array",
                  "preview_size": "medium"
                },
                {
                  "key": "field_sobre_leader_name",
                  "label": "Nome",
                  "name": "name",
                  "type": "text"
                },
                {
                  "key": "field_sobre_leader_role",
                  "label": "Cargo",
                  "name": "role",
                  "type": "text"
                },
                {
                  "key": "field_sobre_leader_bio",
                  "label": "Descrição",
                  "name": "bio",
                  "type": "textarea",
                  "rows": 3
                }
              ]
            },
            {
              "key": "field_sobre_leadership_contacts",
              "label": "Contatos úteis",
              "name": "leadership_contacts",
              "type": "repeater",
              "layout": "table",
              "button_label": "Adicionar contato",
              "sub_fields": [
                {
                  "key": "field_sobre_leader_contact_label",
                  "label": "Rótulo",
                  "name": "label",
                  "type": "text"
                },
                {
                  "key": "field_sobre_leader_contact_value",
                  "label": "Conteúdo",
                  "name": "value",
                  "type": "text"
                },
                {
                  "key": "field_sobre_leader_contact_url",
                  "label": "URL (opcional)",
                  "name": "url",
                  "type": "url"
                }
              ]
            }
          ]
        }
      ]
    }
  ],
  "location": [
    [
      {
        "param": "page_template",
        "operator": "==",
        "value": "page-sobre.php"
      }
    ]
  ],
  "position": "acf_after_title",
  "active": true
}
