{
  "key": "group_sd_hoteis",
  "title": "Hotel – Campos",
  "fields": [
    {
      "key": "field_cidade",
      "label": "Cidade",
      "name": "hotel_cidade",
      "type": "text"
    },
    {
      "key": "field_bairro",
      "label": "Bairro",
      "name": "hotel_bairro",
      "type": "text"
    },
    {
      "key": "field_resumo",
      "label": "Resumo curto",
      "name": "hotel_resumo",
      "type": "textarea"
    },
    {
      "key": "field_galeria",
      "label": "Galeria",
      "name": "hotel_galeria",
      "type": "gallery"
    },
    {
      "key": "field_acomod",
      "label": "Acomodações (relacionadas)",
      "name": "hotel_acomodacoes",
      "type": "relationship",
      "post_type": [
        "acomodacao"
      ]
    },
    {
      "key": "field_tel",
      "label": "Telefone",
      "name": "hotel_tel",
      "type": "text"
    },
    {
      "key": "field_email",
      "label": "E-mail",
      "name": "hotel_email",
      "type": "email"
    },
    {
      "key": "field_end",
      "label": "Endereço",
      "name": "hotel_endereco",
      "type": "text"
    },
    {
      "key": "field_urlres",
      "label": "URL do botão de reserva",
      "name": "hotel_url_reserva",
      "type": "url"
    },
    {
      "key": "field_social",
      "label": "Redes sociais",
      "name": "hotel_redes",
      "type": "group",
      "layout": "block",
      "sub_fields": [
        {
          "key": "sub_fb",
          "label": "Facebook",
          "name": "facebook",
          "type": "url"
        },
        {
          "key": "sub_ig",
          "label": "Instagram",
          "name": "instagram",
          "type": "url"
        },
        {
          "key": "sub_ln",
          "label": "LinkedIn",
          "name": "linkedin",
          "type": "url"
        },
        {
          "key": "sub_yt",
          "label": "YouTube",
          "name": "youtube",
          "type": "url"
        }
      ]
    }
  ],
  "location": [
    [
      {
        "param": "post_type",
        "operator": "==",
        "value": "hoteis"
      }
    ]
  ]
}
