{
    "key": "group_66fb485b0930b",
    "title": "Banner0225",
    "fields": [
        {
            "key": "field_6721afb8e53de",
            "label": "Qual página exibir o banner?",
            "name": "categoria_do_banner",
            "aria-label": "",
            "type": "taxonomy",
            "instructions": "",
            "required": 0,
            "conditional_logic": 0,
            "wrapper": {
                "width": "30",
                "class": "",
                "id": ""
            },
            "taxonomy": "category_banner",
            "add_term": 1,
            "save_terms": 1,
            "load_terms": 1,
            "return_format": "id",
            "field_type": "select",
            "allow_null": 0,
            "allow_in_bindings": 0,
            "bidirectional": 1,
            "bidirectional_target": [
                "field_6721afb8e53de"
            ],
            "multiple": 0
        },
        {
            "key": "field_66fb485b0ac0a",
            "label": "Imagem ou Vídeo",
            "name": "select_imagem",
            "aria-label": "",
            "type": "true_false",
            "instructions": "",
            "required": 0,
            "conditional_logic": [
                [
                    {
                        "field": "field_6721afb8e53de",
                        "operator": "==",
                        "value": "5"
                    }
                ]
            ],
            "wrapper": {
                "width": "20",
                "class": "",
                "id": ""
            },
            "message": "",
            "default_value": 0,
            "allow_in_bindings": 1,
            "ui_on_text": "Imagem",
            "ui_off_text": "Vídeo",
            "ui": 1
        },
        {
            "key": "field_66fb485b0ac43",
            "label": "Imagem Principal",
            "name": "imagem_banner",
            "aria-label": "",
            "type": "image",
            "instructions": "Tamanho da imagem ideal: 1920px x 1080px",
            "required": 0,
            "conditional_logic": [
                [
                    {
                        "field": "field_6721afb8e53de",
                        "operator": "==",
                        "value": "5"
                    },
                    {
                        "field": "field_66fb485b0ac0a",
                        "operator": "==",
                        "value": "1"
                    }
                ],
                [
                    {
                        "field": "field_6721afb8e53de",
                        "operator": "!==",
                        "value": "5"
                    }
                ]
            ],
            "wrapper": {
                "width": "25",
                "class": "",
                "id": ""
            },
            "return_format": "url",
            "library": "all",
            "default_value": "",
            "min_width": "",
            "min_height": "",
            "min_size": "",
            "max_width": "",
            "max_height": "",
            "max_size": "",
            "mime_types": ".jpg, .jpeg, .png",
            "allow_in_bindings": 1,
            "preview_size": "medium"
        },
        {
            "key": "field_674624ec0d626",
            "label": "Imagem Mobile",
            "name": "imagem_banner_mobile",
            "aria-label": "",
            "type": "image",
            "instructions": "Tamanho da imagem ideal: 390 x 490px",
            "required": 0,
            "conditional_logic": [
                [
                    {
                        "field": "field_66fb485b0ac43",
                        "operator": "!=empty"
                    }
                ]
            ],
            "wrapper": {
                "width": "25",
                "class": "",
                "id": ""
            },
            "return_format": "url",
            "library": "all",
            "default_value": "",
            "min_width": "",
            "min_height": "",
            "min_size": "",
            "max_width": "",
            "max_height": "",
            "max_size": "",
            "mime_types": ".jpg, .jpeg, .png",
            "allow_in_bindings": 1,
            "preview_size": "medium"
        },
        {
            "key": "field_66fb485b0ac7a",
            "label": "Vídeo do Banner",
            "name": "video_banner",
            "aria-label": "",
            "type": "file",
            "instructions": "",
            "required": 0,
            "conditional_logic": [
                [
                    {
                        "field": "field_6721afb8e53de",
                        "operator": "==",
                        "value": "5"
                    },
                    {
                        "field": "field_66fb485b0ac0a",
                        "operator": "!=",
                        "value": "1"
                    }
                ]
            ],
            "wrapper": {
                "width": "40",
                "class": "",
                "id": ""
            },
            "return_format": "url",
            "library": "all",
            "min_size": "",
            "max_size": "",
            "mime_types": ".mp4, .mov, .avi, .wmv, .mpg, .mpeg, .asf, .flv, .f4v, .swf, .mkv",
            "allow_in_bindings": 1
        },
        {
            "key": "field_66fb485b0ace8",
            "label": "Texto banner",
            "name": "texto_banner",
            "aria-label": "",
            "type": "wysiwyg",
            "instructions": "Utilize tags HTML e personalizações de CSS",
            "required": 0,
            "conditional_logic": [
                [
                    {
                        "field": "field_6721afb8e53de",
                        "operator": "==",
                        "value": "5"
                    },
                    {
                        "field": "field_66fb485b0ac43",
                        "operator": "!=empty"
                    }
                ],
                [
                    {
                        "field": "field_6721afb8e53de",
                        "operator": "==",
                        "value": "5"
                    },
                    {
                        "field": "field_66fb485b0ac7a",
                        "operator": "!=empty"
                    }
                ]
            ],
            "wrapper": {
                "width": "",
                "class": "",
                "id": ""
            },
            "default_value": "",
            "allow_in_bindings": 1,
            "tabs": "all",
            "toolbar": "full",
            "media_upload": 0,
            "delay": 0
        },
        {
            "key": "field_672edfcba4e5f",
            "label": "Adicionar Botão?",
            "name": "select_adicionar_botao",
            "aria-label": "",
            "type": "true_false",
            "instructions": "",
            "required": 0,
            "conditional_logic": [
                [
                    {
                        "field": "field_6721afb8e53de",
                        "operator": "==",
                        "value": "5"
                    },
                    {
                        "field": "field_66fb485b0ac43",
                        "operator": "!=empty"
                    },
                    {
                        "field": "field_66fb485b0ace8",
                        "operator": "!=empty"
                    }
                ],
                [
                    {
                        "field": "field_6721afb8e53de",
                        "operator": "==",
                        "value": "5"
                    },
                    {
                        "field": "field_66fb485b0ac7a",
                        "operator": "!=empty"
                    },
                    {
                        "field": "field_66fb485b0ace8",
                        "operator": "!=empty"
                    }
                ]
            ],
            "wrapper": {
                "width": "25",
                "class": "",
                "id": ""
            },
            "message": "",
            "default_value": 0,
            "allow_in_bindings": 1,
            "ui_on_text": "Sim",
            "ui_off_text": "Não",
            "ui": 1
        },
        {
            "key": "field_66fb485b0ad1f",
            "label": "Botão Banner",
            "name": "botao_banner",
            "aria-label": "",
            "type": "text",
            "instructions": "",
            "required": 0,
            "conditional_logic": [
                [
                    {
                        "field": "field_6721afb8e53de",
                        "operator": "==",
                        "value": "5"
                    },
                    {
                        "field": "field_672edfcba4e5f",
                        "operator": "==",
                        "value": "1"
                    },
                    {
                        "field": "field_66fb485b0ace8",
                        "operator": "!=empty"
                    }
                ]
            ],
            "wrapper": {
                "width": "25",
                "class": "",
                "id": ""
            },
            "default_value": "",
            "maxlength": "",
            "allow_in_bindings": 1,
            "placeholder": "",
            "prepend": "",
            "append": ""
        },
        {
            "key": "field_66fb485b0ad56",
            "label": "Link Botão",
            "name": "link_botao",
            "aria-label": "",
            "type": "text",
            "instructions": "",
            "required": 0,
            "conditional_logic": [
                [
                    {
                        "field": "field_6721afb8e53de",
                        "operator": "==",
                        "value": "5"
                    },
                    {
                        "field": "field_672edfcba4e5f",
                        "operator": "==",
                        "value": "1"
                    },
                    {
                        "field": "field_66fb485b0ad1f",
                        "operator": "!=empty"
                    }
                ]
            ],
            "wrapper": {
                "width": "50",
                "class": "",
                "id": ""
            },
            "default_value": "",
            "maxlength": "",
            "allow_in_bindings": 1,
            "placeholder": "",
            "prepend": "",
            "append": ""
        },
        {
            "key": "field_672ee6b40c949",
            "label": "",
            "name": "",
            "aria-label": "",
            "type": "group",
            "instructions": "",
            "required": 0,
            "conditional_logic": 0,
            "wrapper": {
                "width": "",
                "class": "",
                "id": ""
            },
            "layout": "block",
            "sub_fields": []
        },
        {
            "key": "field_66fb485b0ad8d",
            "label": "Adicionar Imagem Lateral?",
            "name": "select_imagem_lateral",
            "aria-label": "",
            "type": "true_false",
            "instructions": "",
            "required": 0,
            "conditional_logic": [
                [
                    {
                        "field": "field_6721afb8e53de",
                        "operator": "==",
                        "value": "5"
                    },
                    {
                        "field": "field_66fb485b0ac43",
                        "operator": "!=empty"
                    },
                    {
                        "field": "field_66fb485b0ace8",
                        "operator": "!=empty"
                    }
                ],
                [
                    {
                        "field": "field_6721afb8e53de",
                        "operator": "==",
                        "value": "5"
                    },
                    {
                        "field": "field_66fb485b0ac7a",
                        "operator": "!=empty"
                    },
                    {
                        "field": "field_66fb485b0ace8",
                        "operator": "!=empty"
                    }
                ]
            ],
            "wrapper": {
                "width": "25",
                "class": "",
                "id": ""
            },
            "message": "",
            "default_value": 0,
            "allow_in_bindings": 1,
            "ui_on_text": "Sim",
            "ui_off_text": "Não",
            "ui": 1
        },
        {
            "key": "field_66fb485b0adc4",
            "label": "Imagem Lateral",
            "name": "imagemLateral",
            "aria-label": "",
            "type": "image",
            "instructions": "",
            "required": 0,
            "conditional_logic": [
                [
                    {
                        "field": "field_66fb485b0ad8d",
                        "operator": "==",
                        "value": "1"
                    }
                ]
            ],
            "wrapper": {
                "width": "50",
                "class": "",
                "id": ""
            },
            "return_format": "url",
            "library": "all",
            "default_value": "",
            "min_width": "",
            "min_height": "",
            "min_size": "",
            "max_width": "",
            "max_height": "",
            "max_size": "",
            "mime_types": "",
            "allow_in_bindings": 1,
            "preview_size": "medium"
        }
    ],
    "location": [
        [
            {
                "param": "post_type",
                "operator": "==",
                "value": "banner"
            }
        ]
    ],
    "menu_order": 1,
    "position": "acf_after_title",
    "style": "default",
    "label_placement": "top",
    "instruction_placement": "label",
    "hide_on_screen": [
        "permalink",
        "the_content",
        "excerpt",
        "discussion",
        "comments",
        "revisions",
        "slug",
        "author",
        "format",
        "page_attributes",
        "featured_image",
        "categories",
        "tags",
        "send-trackbacks"
    ],
    "active": true,
    "description": "Banner0225",
    "show_in_rest": 0,
    "modified": 1740714707
}
