{
  "key": "group_page_ofertas",
  "title": "Página Ofertas",
  "fields": [
    {
      "key": "field_ofertas_sections",
      "label": "Seções da página",
      "name": "ofertas_sections",
      "type": "flexible_content",
      "button_label": "Adicionar seção",
      "layouts": [
        {
          "key": "layout_ofertas_hero",
          "name": "hero",
          "label": "Hero",
          "display": "block",
          "sub_fields": [
            {
              "key": "field_ofertas_hero_bg",
              "label": "Imagem de Fundo",
              "name": "hero_bg",
              "type": "image",
              "return_format": "array",
              "preview_size": "large",
              "library": "all"
            },
            {
              "key": "field_ofertas_hero_play",
              "label": "Mostrar botão Play",
              "name": "hero_show_play",
              "type": "true_false",
              "default_value": 1
            }
          ]
        },
        {
          "key": "layout_ofertas_search",
          "name": "search",
          "label": "Barra de Busca",
          "display": "block",
          "sub_fields": []
        }
      ]
    },
    {
      "key": "field_ofertas_posts_per_page",
      "label": "Quantidade de ofertas",
      "name": "ofertas_posts_per_page",
      "type": "number",
      "instructions": "Defina quantas ofertas aparecem por página. Deixe em branco para listar todas.",
      "default_value": "",
      "min": 1
    }
  ],
  "location": [
    [
      {
        "param": "page_template",
        "operator": "==",
        "value": "page-ofertas.php"
      }
    ]
  ],
  "position": "acf_after_title",
  "active": true
}
