{
    "key": "group_67c7b61bef43e",
    "title": "Galeria de Fotos",
    "fields": [
        {
            "key": "field_67c7ab97db659",
            "label": "Galeria Projeto",
            "name": "galeria_projeto",
            "aria-label": "",
            "type": "wysiwyg",
            "instructions": "<div style=\"background: #fff; padding: .5rem;\">\r\n  <p>* Esse campo é exclusivo para criação de galeria de imagens para o projeto (Atenção: Permitido somente um conjunto de galeria por post\/projeto). Sugerido ter o mínimo 04 imagens na cria&ccedil;&atilde;o da galeria.<\/p> \r\n  <ol>\r\n  <li>Clique em <strong>ADICIONAR MIDIA<\/strong>, em seguida no menu esquerdo, <strong>CRIAR GALERIA<\/strong><\/li>\r\n  <li>Envie e selecione as imagens desejadas e clicar em <strong>CRIAR NOVA GALERIA<\/strong> (canto inferior direito)<\/li>\r\n  <li>Em \"<strong>EDITAR GALERIA<\/strong>\", fa&ccedil;a as personaliza&ccedil;&otilde;es e caso necess&aacute;rio, adicione uma \"breve legenda\" para as imagens, e por fim, clique em <strong>INSERIR GALERIA<\/strong><\/li>\r\n  <li>Caso já exista uma galeria inserida, clique em <strong>EDITAR<\/strong> ou <strong>exclua<\/strong> a mesma e inicie o processo novamente.<\/li>\r\n  <\/ol>\r\n<\/div>",
            "required": 0,
            "conditional_logic": 0,
            "wrapper": {
                "width": "",
                "class": "boxGaleriaAdmin",
                "id": ""
            },
            "default_value": "",
            "allow_in_bindings": 1,
            "tabs": "visual",
            "toolbar": "basic",
            "media_upload": 1,
            "delay": 0
        }
    ],
    "location": [
        [
            {
                "param": "post_type",
                "operator": "==",
                "value": "projetos"
            }
        ]
    ],
    "menu_order": 1,
    "position": "normal",
    "style": "default",
    "label_placement": "top",
    "instruction_placement": "label",
    "hide_on_screen": [
        "permalink",
        "the_content",
        "excerpt",
        "discussion",
        "comments",
        "revisions",
        "slug",
        "author",
        "format",
        "page_attributes",
        "featured_image",
        "categories",
        "tags",
        "send-trackbacks"
    ],
    "active": true,
    "description": "Galeria de Fotos",
    "show_in_rest": 1,
    "modified": 1741157428
}
