[
    {
        "key": "group_60306f4b57f05",
        "title": "0.Conteudo_Oficial",
        "fields": [
            {
                "key": "field_65efc2459853f",
                "label": "Logo do Site",
                "name": "",
                "aria-label": "",
                "type": "tab",
                "instructions": "",
                "required": 0,
                "conditional_logic": 0,
                "wrapper": {
                    "width": "",
                    "class": "",
                    "id": ""
                },
                "placement": "top",
                "endpoint": 0,
                "selected": 0
            },
            {
                "key": "field_65efc25498540",
                "label": "Logomarca Cabeçalho",
                "name": "logomarca_cabecalho",
                "aria-label": "",
                "type": "image",
                "instructions": "",
                "required": 1,
                "conditional_logic": 0,
                "wrapper": {
                    "width": "24",
                    "class": "imgAdminHorizontal",
                    "id": ""
                },
                "return_format": "url",
                "library": "all",
                "default_value": "",
                "min_width": "",
                "min_height": "",
                "min_size": "",
                "max_width": "",
                "max_height": "",
                "max_size": "",
                "mime_types": "png",
                "allow_in_bindings": 1,
                "preview_size": "medium"
            },
            {
                "key": "field_65f507f40df94",
                "label": "Logomarca Menu Suspenso",
                "name": "logomarca_menu_suspenso",
                "aria-label": "",
                "type": "image",
                "instructions": "",
                "required": 1,
                "conditional_logic": 0,
                "wrapper": {
                    "width": "24",
                    "class": "imgAdminHorizontal",
                    "id": ""
                },
                "return_format": "url",
                "library": "all",
                "default_value": "",
                "min_width": "",
                "min_height": "",
                "min_size": "",
                "max_width": "",
                "max_height": "",
                "max_size": "",
                "mime_types": "png",
                "allow_in_bindings": 1,
                "preview_size": "medium"
            },
            {
                "key": "field_65efc28b98541",
                "label": "Logomarca Rodapé",
                "name": "logomarca_rodape",
                "aria-label": "",
                "type": "image",
                "instructions": "",
                "required": 0,
                "conditional_logic": 0,
                "wrapper": {
                    "width": "24",
                    "class": "imgAdminHorizontal",
                    "id": ""
                },
                "return_format": "url",
                "library": "all",
                "default_value": "",
                "min_width": "",
                "min_height": "",
                "min_size": "",
                "max_width": "",
                "max_height": "",
                "max_size": "",
                "mime_types": "png",
                "allow_in_bindings": 1,
                "preview_size": "medium"
            },
            {
                "key": "field_67be7334db887",
                "label": "Endereços",
                "name": "",
                "aria-label": "",
                "type": "tab",
                "instructions": "",
                "required": 0,
                "conditional_logic": 0,
                "wrapper": {
                    "width": "",
                    "class": "",
                    "id": ""
                },
                "placement": "top",
                "endpoint": 0,
                "selected": 0
            },
            {
                "key": "field_674252fc6b76c",
                "label": "Background Endereço 1",
                "name": "background_endereco_1",
                "aria-label": "",
                "type": "image",
                "instructions": "",
                "required": 0,
                "conditional_logic": 0,
                "wrapper": {
                    "width": "30",
                    "class": "",
                    "id": ""
                },
                "return_format": "url",
                "library": "all",
                "default_value": "",
                "min_width": "",
                "min_height": "",
                "min_size": "",
                "max_width": "",
                "max_height": "",
                "max_size": "",
                "mime_types": "",
                "allow_in_bindings": 1,
                "preview_size": "medium"
            },
            {
                "key": "field_674287bdf247c",
                "label": "Título Footer Esquerdo",
                "name": "titulo_footer_esquerdo",
                "aria-label": "",
                "type": "text",
                "instructions": "",
                "required": 0,
                "conditional_logic": 0,
                "wrapper": {
                    "width": "70",
                    "class": "",
                    "id": ""
                },
                "default_value": "",
                "maxlength": "",
                "allow_in_bindings": 1,
                "placeholder": "",
                "prepend": "",
                "append": ""
            },
            {
                "key": "field_67aee2fd0a375",
                "label": "Endereço Administração",
                "name": "endereco_administracao",
                "aria-label": "",
                "type": "text",
                "instructions": "",
                "required": 0,
                "conditional_logic": 0,
                "wrapper": {
                    "width": "50",
                    "class": "",
                    "id": ""
                },
                "default_value": "",
                "maxlength": "",
                "allow_in_bindings": 1,
                "placeholder": "",
                "prepend": "",
                "append": ""
            },
            {
                "key": "field_67aec7da3c351",
                "label": "Link Endereço 1",
                "name": "link_endereco_1",
                "aria-label": "",
                "type": "text",
                "instructions": "",
                "required": 0,
                "conditional_logic": 0,
                "wrapper": {
                    "width": "50",
                    "class": "",
                    "id": ""
                },
                "default_value": "",
                "maxlength": "",
                "allow_in_bindings": 1,
                "placeholder": "",
                "prepend": "",
                "append": ""
            },
            {
                "key": "field_67aee33a0a376",
                "label": "Título Endereço 2",
                "name": "titulo_endereco_2",
                "aria-label": "",
                "type": "text",
                "instructions": "",
                "required": 0,
                "conditional_logic": 0,
                "wrapper": {
                    "width": "70",
                    "class": "",
                    "id": ""
                },
                "default_value": "",
                "maxlength": "",
                "allow_in_bindings": 1,
                "placeholder": "",
                "prepend": "",
                "append": ""
            },
            {
                "key": "field_67aec8093c358",
                "label": "Endereço 2",
                "name": "endereco_2",
                "aria-label": "",
                "type": "text",
                "instructions": "",
                "required": 0,
                "conditional_logic": 0,
                "wrapper": {
                    "width": "50",
                    "class": "",
                    "id": ""
                },
                "default_value": "",
                "maxlength": "",
                "allow_in_bindings": 1,
                "placeholder": "",
                "prepend": "",
                "append": ""
            },
            {
                "key": "field_67aec8093c359",
                "label": "Link Endereço 2",
                "name": "link_endereco_2",
                "aria-label": "",
                "type": "text",
                "instructions": "",
                "required": 0,
                "conditional_logic": 0,
                "wrapper": {
                    "width": "50",
                    "class": "",
                    "id": ""
                },
                "default_value": "",
                "maxlength": "",
                "allow_in_bindings": 1,
                "placeholder": "",
                "prepend": "",
                "append": ""
            },
            {
                "key": "field_60306fbd6b6bd",
                "label": "Contatos",
                "name": "",
                "aria-label": "",
                "type": "tab",
                "instructions": "",
                "required": 0,
                "conditional_logic": 0,
                "wrapper": {
                    "width": "",
                    "class": "",
                    "id": ""
                },
                "placement": "top",
                "endpoint": 0,
                "selected": 0
            },
            {
                "key": "field_674286e3f247b",
                "label": "Título Sessão Contatos",
                "name": "titulo_sessao_contatos",
                "aria-label": "",
                "type": "text",
                "instructions": "",
                "required": 0,
                "conditional_logic": 0,
                "wrapper": {
                    "width": "",
                    "class": "",
                    "id": ""
                },
                "default_value": "",
                "maxlength": "",
                "allow_in_bindings": 1,
                "placeholder": "",
                "prepend": "",
                "append": ""
            },
            {
                "key": "field_67c6bc257183c",
                "label": "Texto Sessão Contatos",
                "name": "texto_sessao_contatos",
                "aria-label": "",
                "type": "text",
                "instructions": "",
                "required": 0,
                "conditional_logic": 0,
                "wrapper": {
                    "width": "",
                    "class": "",
                    "id": ""
                },
                "default_value": "",
                "maxlength": "",
                "allow_in_bindings": 1,
                "placeholder": "",
                "prepend": "",
                "append": ""
            },
            {
                "key": "field_67c6bc457183d",
                "label": "Título Formulário Contato",
                "name": "titulo_formulario_contato",
                "aria-label": "",
                "type": "text",
                "instructions": "",
                "required": 0,
                "conditional_logic": 0,
                "wrapper": {
                    "width": "",
                    "class": "",
                    "id": ""
                },
                "default_value": "",
                "maxlength": "",
                "allow_in_bindings": 1,
                "placeholder": "",
                "prepend": "",
                "append": ""
            },
            {
                "key": "field_67105bf7fa50c",
                "label": "Texto Chamada Footer",
                "name": "texto_chamada_footer",
                "aria-label": "",
                "type": "text",
                "instructions": "",
                "required": 0,
                "conditional_logic": 0,
                "wrapper": {
                    "width": "",
                    "class": "",
                    "id": ""
                },
                "default_value": "",
                "maxlength": "",
                "allow_in_bindings": 1,
                "placeholder": "",
                "prepend": "",
                "append": ""
            },
            {
                "key": "field_661e123ae7601",
                "label": "Número Telefone Com DDD",
                "name": "numeroTelefone",
                "aria-label": "",
                "type": "text",
                "instructions": "Formato: XXXXX-XXXX",
                "required": 0,
                "conditional_logic": 0,
                "wrapper": {
                    "width": "35",
                    "class": "",
                    "id": ""
                },
                "default_value": "",
                "maxlength": "",
                "placeholder": "",
                "prepend": "",
                "append": ""
            },
            {
                "key": "field_661e125ae7602",
                "label": "Link Telefone",
                "name": "linkTelefone",
                "aria-label": "",
                "type": "url",
                "instructions": "Link em formato livre",
                "required": 0,
                "conditional_logic": 0,
                "wrapper": {
                    "width": "65",
                    "class": "",
                    "id": ""
                },
                "default_value": "",
                "allow_in_bindings": 1,
                "placeholder": ""
            },
            {
                "key": "field_67c13ad7d9aa3",
                "label": "Número WhatsApp PT  (+DDD)",
                "name": "numero_whatsapp_pt",
                "aria-label": "",
                "type": "text",
                "instructions": "Formato: (XX) XXXXX-XXXX",
                "required": 0,
                "conditional_logic": 0,
                "wrapper": {
                    "width": "35",
                    "class": "",
                    "id": ""
                },
                "default_value": "",
                "maxlength": "",
                "allow_in_bindings": 1,
                "placeholder": "",
                "prepend": "",
                "append": ""
            },
            {
                "key": "field_67c13a42d9aa0",
                "label": "Link WhatsApp PT",
                "name": "linkWhatsapp_pt",
                "aria-label": "",
                "type": "url",
                "instructions": "Link em formato livre",
                "required": 1,
                "conditional_logic": 0,
                "wrapper": {
                    "width": "65",
                    "class": "",
                    "id": ""
                },
                "default_value": "",
                "allow_in_bindings": 1,
                "placeholder": ""
            },
            {
                "key": "field_67c13b6ad9aa5",
                "label": "Número WhatsApp CA (+DDD)",
                "name": "numero_whatsapp_ca",
                "aria-label": "",
                "type": "text",
                "instructions": "Formato: (XX) XXXXX-XXXX",
                "required": 0,
                "conditional_logic": 0,
                "wrapper": {
                    "width": "35",
                    "class": "",
                    "id": ""
                },
                "default_value": "",
                "maxlength": "",
                "allow_in_bindings": 1,
                "placeholder": "",
                "prepend": "",
                "append": ""
            },
            {
                "key": "field_67c13a86d9aa2",
                "label": "Link WhatsApp CA",
                "name": "linkWhatsapp_ca",
                "aria-label": "",
                "type": "url",
                "instructions": "Link em formato livre",
                "required": 0,
                "conditional_logic": 0,
                "wrapper": {
                    "width": "65",
                    "class": "",
                    "id": ""
                },
                "default_value": "",
                "allow_in_bindings": 1,
                "placeholder": ""
            },
            {
                "key": "field_60306fdc6b6bf",
                "label": "E-mail",
                "name": "e-mail",
                "aria-label": "",
                "type": "email",
                "instructions": "",
                "required": 0,
                "conditional_logic": 0,
                "wrapper": {
                    "width": "",
                    "class": "",
                    "id": ""
                },
                "default_value": "",
                "placeholder": "",
                "prepend": "",
                "append": ""
            },
            {
                "key": "field_67428afa03880",
                "label": "ID Instagram",
                "name": "conta_instagram",
                "aria-label": "",
                "type": "text",
                "instructions": "",
                "required": 0,
                "conditional_logic": 0,
                "wrapper": {
                    "width": "35",
                    "class": "",
                    "id": ""
                },
                "default_value": "",
                "maxlength": "",
                "allow_in_bindings": 1,
                "placeholder": "",
                "prepend": "",
                "append": ""
            },
            {
                "key": "field_67fa05e0d2714",
                "label": "Número do Feed Instagram",
                "name": "numero_feed_instagram",
                "aria-label": "",
                "type": "number",
                "instructions": "Número exibido no caminho abaixo, na coluna \"Shortcode\".\r\n\r\nObs.: Caso não tenha nenhuma linha cadastrada, iniciar o processo de integração de um feed e depois retornar aqui para inserção do número. Caso seja o primeiro feed a ser cadastrado, ele já estará preenchido aqui automaticamente\r\n\r\n<a href=\"admin.php?page=sbi-feed-builder\">Instagram Feed > Todos os feeds<\/a>",
                "required": 0,
                "conditional_logic": [
                    [
                        {
                            "field": "field_65efc25498540",
                            "operator": "!=empty"
                        }
                    ]
                ],
                "wrapper": {
                    "width": "65",
                    "class": "",
                    "id": ""
                },
                "default_value": 1,
                "min": 1,
                "max": 9,
                "allow_in_bindings": 1,
                "placeholder": "",
                "step": "",
                "prepend": "",
                "append": ""
            },
            {
                "key": "field_674045ce7d1d4",
                "label": "Texto Instagram",
                "name": "texto_instagram",
                "aria-label": "",
                "type": "text",
                "instructions": "",
                "required": 0,
                "conditional_logic": 0,
                "wrapper": {
                    "width": "",
                    "class": "",
                    "id": ""
                },
                "default_value": "",
                "maxlength": "",
                "allow_in_bindings": 1,
                "placeholder": "",
                "prepend": "",
                "append": ""
            },
            {
                "key": "field_6033079b90c13",
                "label": "Sobre",
                "name": "",
                "aria-label": "",
                "type": "tab",
                "instructions": "",
                "required": 0,
                "conditional_logic": 0,
                "wrapper": {
                    "width": "",
                    "class": "",
                    "id": ""
                },
                "placement": "top",
                "endpoint": 0,
                "selected": 0
            },
            {
                "key": "field_671343558a804",
                "label": "Imagem Sobre",
                "name": "imagem_sobre",
                "aria-label": "",
                "type": "image",
                "instructions": "",
                "required": 0,
                "conditional_logic": 0,
                "wrapper": {
                    "width": "25",
                    "class": "",
                    "id": ""
                },
                "return_format": "url",
                "library": "all",
                "default_value": "",
                "min_width": "",
                "min_height": "",
                "min_size": "",
                "max_width": "",
                "max_height": "",
                "max_size": "",
                "mime_types": "",
                "allow_in_bindings": 0,
                "preview_size": "medium"
            },
            {
                "key": "field_67e3932fee4a1",
                "label": "Título Sessão",
                "name": "titulo_sessao_sobre",
                "aria-label": "",
                "type": "text",
                "instructions": "",
                "required": 0,
                "conditional_logic": 0,
                "wrapper": {
                    "width": "",
                    "class": "editorWYSIWYG",
                    "id": ""
                },
                "default_value": "",
                "maxlength": "",
                "allow_in_bindings": 1,
                "placeholder": "",
                "prepend": "",
                "append": ""
            },
            {
                "key": "field_603307a490c14",
                "label": "Texto Sessão",
                "name": "texto_sessao_sobre",
                "aria-label": "",
                "type": "wysiwyg",
                "instructions": "",
                "required": 0,
                "conditional_logic": 0,
                "wrapper": {
                    "width": "",
                    "class": "editorWYSIWYG",
                    "id": ""
                },
                "default_value": "",
                "allow_in_bindings": 1,
                "tabs": "all",
                "toolbar": "basic",
                "media_upload": 0,
                "delay": 0
            },
            {
                "key": "field_60318d65fd52e",
                "label": "Títulos e Detalhes de Sessões",
                "name": "",
                "aria-label": "",
                "type": "tab",
                "instructions": "",
                "required": 0,
                "conditional_logic": 0,
                "wrapper": {
                    "width": "",
                    "class": "",
                    "id": ""
                },
                "placement": "top",
                "endpoint": 0,
                "selected": 0
            },
            {
                "key": "field_67b57c27313e1",
                "label": "Título Sessão Serviços",
                "name": "titulo_sessao_servicos",
                "aria-label": "",
                "type": "text",
                "instructions": "",
                "required": 0,
                "conditional_logic": 0,
                "wrapper": {
                    "width": "",
                    "class": "",
                    "id": ""
                },
                "default_value": "",
                "maxlength": "",
                "allow_in_bindings": 0,
                "placeholder": "",
                "prepend": "",
                "append": ""
            },
            {
                "key": "field_67c52afa91016",
                "label": "Texto Sessão Serviços",
                "name": "texto_sessao_servicos",
                "aria-label": "",
                "type": "wysiwyg",
                "instructions": "",
                "required": 0,
                "conditional_logic": 0,
                "wrapper": {
                    "width": "",
                    "class": "",
                    "id": ""
                },
                "default_value": "",
                "allow_in_bindings": 1,
                "tabs": "all",
                "toolbar": "full",
                "media_upload": 1,
                "delay": 0
            },
            {
                "key": "field_67a55597c9f3a",
                "label": "Título Sessão Projetos",
                "name": "titulo_sessao_projetos",
                "aria-label": "",
                "type": "text",
                "instructions": "",
                "required": 0,
                "conditional_logic": 0,
                "wrapper": {
                    "width": "",
                    "class": "",
                    "id": ""
                },
                "default_value": "",
                "maxlength": "",
                "allow_in_bindings": 1,
                "placeholder": "",
                "prepend": "",
                "append": ""
            },
            {
                "key": "field_664d424299e8a",
                "label": "Texto Sessão Projetos",
                "name": "texto_sessao_projetos",
                "aria-label": "",
                "type": "wysiwyg",
                "instructions": "",
                "required": 0,
                "conditional_logic": 0,
                "wrapper": {
                    "width": "",
                    "class": "",
                    "id": ""
                },
                "default_value": "",
                "allow_in_bindings": 1,
                "tabs": "all",
                "toolbar": "full",
                "media_upload": 0,
                "delay": 0
            },
            {
                "key": "field_66ff53ef5bad0",
                "label": "Título Sessão Clientes",
                "name": "titulo_sessao_clientes",
                "aria-label": "",
                "type": "text",
                "instructions": "",
                "required": 0,
                "conditional_logic": 0,
                "wrapper": {
                    "width": "",
                    "class": "",
                    "id": ""
                },
                "default_value": "",
                "maxlength": "",
                "allow_in_bindings": 1,
                "placeholder": "",
                "prepend": "",
                "append": ""
            },
            {
                "key": "field_67c6bf277183e",
                "label": "Texto Sessão Clientes",
                "name": "texto_sessao_clientes",
                "aria-label": "",
                "type": "wysiwyg",
                "instructions": "",
                "required": 0,
                "conditional_logic": 0,
                "wrapper": {
                    "width": "",
                    "class": "",
                    "id": ""
                },
                "default_value": "",
                "allow_in_bindings": 1,
                "tabs": "all",
                "toolbar": "full",
                "media_upload": 0,
                "delay": 0
            },
            {
                "key": "field_tab_rodape_free_2025",
                "label": "Rodapé",
                "name": "",
                "aria-label": "",
                "type": "tab",
                "instructions": "",
                "required": 0,
                "conditional_logic": false,
                "wrapper": {
                    "width": "",
                    "class": "",
                    "id": ""
                },
                "placement": "top",
                "endpoint": 0,
                "selected": 0
            },
            {
                "key": "field_footer_company_menu_title_free_2025",
                "label": "Título coluna: Nossa empresa",
                "name": "footer_company_menu_title",
                "aria-label": "",
                "type": "text",
                "instructions": "",
                "required": 0,
                "conditional_logic": 0,
                "wrapper": {
                    "width": "",
                    "class": "",
                    "id": ""
                },
                "default_value": "Nossa Empresa",
                "maxlength": "",
                "placeholder": "",
                "prepend": "",
                "append": ""
            },
            {
                "key": "field_footer_contact_title_free_2025",
                "label": "Título coluna: Entre em contato",
                "name": "footer_contact_title",
                "aria-label": "",
                "type": "text",
                "instructions": "",
                "required": 0,
                "conditional_logic": 0,
                "wrapper": {
                    "width": "",
                    "class": "",
                    "id": ""
                },
                "default_value": "Entre em contato",
                "maxlength": "",
                "placeholder": "",
                "prepend": "",
                "append": ""
            },
            {
                "key": "field_footer_contact_label_1_free_2025",
                "label": "Contato 1 - Label",
                "name": "footer_contact_label_1",
                "aria-label": "",
                "type": "text",
                "instructions": "",
                "required": 0,
                "conditional_logic": 0,
                "wrapper": {
                    "width": "",
                    "class": "",
                    "id": ""
                },
                "default_value": "",
                "maxlength": "",
                "placeholder": "",
                "prepend": "",
                "append": ""
            },
            {
                "key": "field_footer_contact_content_1_free_2025",
                "label": "Contato 1 - Conteúdo",
                "name": "footer_contact_content_1",
                "aria-label": "",
                "type": "textarea",
                "instructions": "",
                "required": 0,
                "conditional_logic": 0,
                "wrapper": {
                    "width": "",
                    "class": "",
                    "id": ""
                },
                "default_value": "",
                "new_lines": "",
                "maxlength": "",
                "placeholder": "",
                "rows": ""
            },
            {
                "key": "field_footer_contact_link_1_free_2025",
                "label": "Contato 1 - Link",
                "name": "footer_contact_link_1",
                "aria-label": "",
                "type": "url",
                "instructions": "",
                "required": 0,
                "conditional_logic": 0,
                "wrapper": {
                    "width": "",
                    "class": "",
                    "id": ""
                },
                "default_value": "",
                "placeholder": ""
            },
            {
                "key": "field_footer_contact_label_2_free_2025",
                "label": "Contato 2 - Label",
                "name": "footer_contact_label_2",
                "aria-label": "",
                "type": "text",
                "instructions": "",
                "required": 0,
                "conditional_logic": 0,
                "wrapper": {
                    "width": "",
                    "class": "",
                    "id": ""
                },
                "default_value": "",
                "maxlength": "",
                "placeholder": "",
                "prepend": "",
                "append": ""
            },
            {
                "key": "field_footer_contact_content_2_free_2025",
                "label": "Contato 2 - Conteúdo",
                "name": "footer_contact_content_2",
                "aria-label": "",
                "type": "textarea",
                "instructions": "",
                "required": 0,
                "conditional_logic": 0,
                "wrapper": {
                    "width": "",
                    "class": "",
                    "id": ""
                },
                "default_value": "",
                "new_lines": "",
                "maxlength": "",
                "placeholder": "",
                "rows": ""
            },
            {
                "key": "field_footer_contact_link_2_free_2025",
                "label": "Contato 2 - Link",
                "name": "footer_contact_link_2",
                "aria-label": "",
                "type": "url",
                "instructions": "",
                "required": 0,
                "conditional_logic": 0,
                "wrapper": {
                    "width": "",
                    "class": "",
                    "id": ""
                },
                "default_value": "",
                "placeholder": ""
            },
            {
                "key": "field_footer_contact_label_3_free_2025",
                "label": "Contato 3 - Label",
                "name": "footer_contact_label_3",
                "aria-label": "",
                "type": "text",
                "instructions": "",
                "required": 0,
                "conditional_logic": 0,
                "wrapper": {
                    "width": "",
                    "class": "",
                    "id": ""
                },
                "default_value": "",
                "maxlength": "",
                "placeholder": "",
                "prepend": "",
                "append": ""
            },
            {
                "key": "field_footer_contact_content_3_free_2025",
                "label": "Contato 3 - Conteúdo",
                "name": "footer_contact_content_3",
                "aria-label": "",
                "type": "textarea",
                "instructions": "",
                "required": 0,
                "conditional_logic": 0,
                "wrapper": {
                    "width": "",
                    "class": "",
                    "id": ""
                },
                "default_value": "",
                "new_lines": "",
                "maxlength": "",
                "placeholder": "",
                "rows": ""
            },
            {
                "key": "field_footer_contact_link_3_free_2025",
                "label": "Contato 3 - Link",
                "name": "footer_contact_link_3",
                "aria-label": "",
                "type": "url",
                "instructions": "",
                "required": 0,
                "conditional_logic": 0,
                "wrapper": {
                    "width": "",
                    "class": "",
                    "id": ""
                },
                "default_value": "",
                "placeholder": ""
            },
            {
                "key": "field_footer_company_info_line_1_free_2025",
                "label": "Linha info institucional 1",
                "name": "footer_company_info_line_1",
                "aria-label": "",
                "type": "textarea",
                "instructions": "",
                "required": 0,
                "conditional_logic": 0,
                "wrapper": {
                    "width": "",
                    "class": "",
                    "id": ""
                },
                "default_value": "",
                "new_lines": "",
                "maxlength": "",
                "placeholder": "",
                "rows": ""
            },
            {
                "key": "field_footer_company_info_line_2_free_2025",
                "label": "Linha info institucional 2",
                "name": "footer_company_info_line_2",
                "aria-label": "",
                "type": "textarea",
                "instructions": "",
                "required": 0,
                "conditional_logic": 0,
                "wrapper": {
                    "width": "",
                    "class": "",
                    "id": ""
                },
                "default_value": "",
                "new_lines": "",
                "maxlength": "",
                "placeholder": "",
                "rows": ""
            },
            {
                "key": "field_footer_social_title_free_2025",
                "label": "Título coluna: Siga-nos",
                "name": "footer_social_title",
                "aria-label": "",
                "type": "text",
                "instructions": "",
                "required": 0,
                "conditional_logic": 0,
                "wrapper": {
                    "width": "",
                    "class": "",
                    "id": ""
                },
                "default_value": "Siga-nos",
                "maxlength": "",
                "placeholder": "",
                "prepend": "",
                "append": ""
            },
            {
                "key": "field_footer_social_label_1_free_2025",
                "label": "Rede Social 1 - Label",
                "name": "footer_social_label_1",
                "aria-label": "",
                "type": "text",
                "instructions": "",
                "required": 0,
                "conditional_logic": 0,
                "wrapper": {
                    "width": "",
                    "class": "",
                    "id": ""
                },
                "default_value": "",
                "maxlength": "",
                "placeholder": "",
                "prepend": "",
                "append": ""
            },
            {
                "key": "field_footer_social_url_1_free_2025",
                "label": "Rede Social 1 - URL",
                "name": "footer_social_url_1",
                "aria-label": "",
                "type": "url",
                "instructions": "",
                "required": 0,
                "conditional_logic": 0,
                "wrapper": {
                    "width": "",
                    "class": "",
                    "id": ""
                },
                "default_value": "",
                "placeholder": ""
            },
            {
                "key": "field_footer_social_icon_class_1_free_2025",
                "label": "Rede Social 1 - Classe do ícone",
                "name": "footer_social_icon_class_1",
                "aria-label": "",
                "type": "text",
                "instructions": "",
                "required": 0,
                "conditional_logic": 0,
                "wrapper": {
                    "width": "",
                    "class": "",
                    "id": ""
                },
                "default_value": "",
                "maxlength": "",
                "placeholder": "",
                "prepend": "",
                "append": ""
            },
            {
                "key": "field_footer_social_label_2_free_2025",
                "label": "Rede Social 2 - Label",
                "name": "footer_social_label_2",
                "aria-label": "",
                "type": "text",
                "instructions": "",
                "required": 0,
                "conditional_logic": 0,
                "wrapper": {
                    "width": "",
                    "class": "",
                    "id": ""
                },
                "default_value": "",
                "maxlength": "",
                "placeholder": "",
                "prepend": "",
                "append": ""
            },
            {
                "key": "field_footer_social_url_2_free_2025",
                "label": "Rede Social 2 - URL",
                "name": "footer_social_url_2",
                "aria-label": "",
                "type": "url",
                "instructions": "",
                "required": 0,
                "conditional_logic": 0,
                "wrapper": {
                    "width": "",
                    "class": "",
                    "id": ""
                },
                "default_value": "",
                "placeholder": ""
            },
            {
                "key": "field_footer_social_icon_class_2_free_2025",
                "label": "Rede Social 2 - Classe do ícone",
                "name": "footer_social_icon_class_2",
                "aria-label": "",
                "type": "text",
                "instructions": "",
                "required": 0,
                "conditional_logic": 0,
                "wrapper": {
                    "width": "",
                    "class": "",
                    "id": ""
                },
                "default_value": "",
                "maxlength": "",
                "placeholder": "",
                "prepend": "",
                "append": ""
            },
            {
                "key": "field_footer_social_label_3_free_2025",
                "label": "Rede Social 3 - Label",
                "name": "footer_social_label_3",
                "aria-label": "",
                "type": "text",
                "instructions": "",
                "required": 0,
                "conditional_logic": 0,
                "wrapper": {
                    "width": "",
                    "class": "",
                    "id": ""
                },
                "default_value": "",
                "maxlength": "",
                "placeholder": "",
                "prepend": "",
                "append": ""
            },
            {
                "key": "field_footer_social_url_3_free_2025",
                "label": "Rede Social 3 - URL",
                "name": "footer_social_url_3",
                "aria-label": "",
                "type": "url",
                "instructions": "",
                "required": 0,
                "conditional_logic": 0,
                "wrapper": {
                    "width": "",
                    "class": "",
                    "id": ""
                },
                "default_value": "",
                "placeholder": ""
            },
            {
                "key": "field_footer_social_icon_class_3_free_2025",
                "label": "Rede Social 3 - Classe do ícone",
                "name": "footer_social_icon_class_3",
                "aria-label": "",
                "type": "text",
                "instructions": "",
                "required": 0,
                "conditional_logic": 0,
                "wrapper": {
                    "width": "",
                    "class": "",
                    "id": ""
                },
                "default_value": "",
                "maxlength": "",
                "placeholder": "",
                "prepend": "",
                "append": ""
            },
            {
                "key": "field_footer_social_label_4_free_2025",
                "label": "Rede Social 4 - Label",
                "name": "footer_social_label_4",
                "aria-label": "",
                "type": "text",
                "instructions": "",
                "required": 0,
                "conditional_logic": 0,
                "wrapper": {
                    "width": "",
                    "class": "",
                    "id": ""
                },
                "default_value": "",
                "maxlength": "",
                "placeholder": "",
                "prepend": "",
                "append": ""
            },
            {
                "key": "field_footer_social_url_4_free_2025",
                "label": "Rede Social 4 - URL",
                "name": "footer_social_url_4",
                "aria-label": "",
                "type": "url",
                "instructions": "",
                "required": 0,
                "conditional_logic": 0,
                "wrapper": {
                    "width": "",
                    "class": "",
                    "id": ""
                },
                "default_value": "",
                "placeholder": ""
            },
            {
                "key": "field_footer_social_icon_class_4_free_2025",
                "label": "Rede Social 4 - Classe do ícone",
                "name": "footer_social_icon_class_4",
                "aria-label": "",
                "type": "text",
                "instructions": "",
                "required": 0,
                "conditional_logic": 0,
                "wrapper": {
                    "width": "",
                    "class": "",
                    "id": ""
                },
                "default_value": "",
                "maxlength": "",
                "placeholder": "",
                "prepend": "",
                "append": ""
            }
        ],
        "location": [
            [
                {
                    "param": "post",
                    "operator": "==",
                    "value": "38"
                }
            ]
        ],
        "menu_order": 0,
        "position": "acf_after_title",
        "style": "seamless",
        "label_placement": "top",
        "instruction_placement": "field",
        "hide_on_screen": [
            "permalink",
            "the_content",
            "excerpt",
            "discussion",
            "comments",
            "revisions",
            "slug",
            "author",
            "format",
            "page_attributes",
            "featured_image",
            "categories",
            "tags",
            "send-trackbacks"
        ],
        "active": true,
        "description": "Conteúdo - SD com rodapé",
        "show_in_rest": 1
    }
]
