{
    "key": "group_67b29b8f49e73",
    "title": "Atuação",
    "fields": [
        {
            "key": "field_67b29b8f79bc1",
            "label": "Título Sessão Atuação",
            "name": "titulo_sessao_atuacao",
            "aria-label": "",
            "type": "text",
            "instructions": "",
            "required": 0,
            "conditional_logic": 0,
            "wrapper": {
                "width": "",
                "class": "",
                "id": ""
            },
            "default_value": "",
            "maxlength": "",
            "allow_in_bindings": 0,
            "placeholder": "",
            "prepend": "",
            "append": ""
        },
        {
            "key": "field_67b29c5a79bc2",
            "label": "Ao preencher um \"Grupo Atuação\", a tela então exibirá na sequência um novo Grupo de campos para ser preenchido.",
            "name": "ao_preencher_um_grupo_atuacao_a_tela_entao_exibira_na_sequencia_um_novo_grupo_de_campos_para_ser_preenchido",
            "aria-label": "",
            "type": "group",
            "instructions": "",
            "required": 0,
            "conditional_logic": [
                [
                    {
                        "field": "field_67b29b8f79bc1",
                        "operator": "!=empty"
                    }
                ]
            ],
            "wrapper": {
                "width": "",
                "class": "destaque",
                "id": ""
            },
            "layout": "block",
            "sub_fields": []
        },
        {
            "key": "field_67b2a4d5b4dec",
            "label": "Grupo Atuação 1",
            "name": "grupo_atuacao_1",
            "aria-label": "",
            "type": "group",
            "instructions": "",
            "required": 0,
            "conditional_logic": [
                [
                    {
                        "field": "field_67b29b8f79bc1",
                        "operator": "!=empty"
                    }
                ]
            ],
            "wrapper": {
                "width": "",
                "class": "",
                "id": ""
            },
            "layout": "block",
            "sub_fields": [
                {
                    "key": "field_67b2a630b4dee",
                    "label": "Imagem Atuação",
                    "name": "imagem_atuacao",
                    "aria-label": "",
                    "type": "image",
                    "instructions": "",
                    "required": 0,
                    "conditional_logic": 0,
                    "wrapper": {
                        "width": "30",
                        "class": "box1",
                        "id": ""
                    },
                    "return_format": "array",
                    "library": "all",
                    "default_value": "",
                    "min_width": "",
                    "min_height": "",
                    "min_size": "",
                    "max_width": "",
                    "max_height": "",
                    "max_size": "",
                    "mime_types": "",
                    "allow_in_bindings": 0,
                    "preview_size": "medium"
                },
                {
                    "key": "field_67b2a706b4df0",
                    "label": "Título Atuação",
                    "name": "titulo_atuacao",
                    "aria-label": "",
                    "type": "text",
                    "instructions": "",
                    "required": 0,
                    "conditional_logic": 0,
                    "wrapper": {
                        "width": "70",
                        "class": "box2",
                        "id": ""
                    },
                    "default_value": "",
                    "maxlength": "",
                    "allow_in_bindings": 0,
                    "placeholder": "",
                    "prepend": "",
                    "append": ""
                },
                {
                    "key": "field_67b2a739b4df1",
                    "label": "Texto Atuação",
                    "name": "texto_atuacao",
                    "aria-label": "",
                    "type": "text",
                    "instructions": "",
                    "required": 0,
                    "conditional_logic": 0,
                    "wrapper": {
                        "width": "70",
                        "class": "box3",
                        "id": ""
                    },
                    "default_value": "",
                    "maxlength": "",
                    "allow_in_bindings": 0,
                    "placeholder": "",
                    "prepend": "",
                    "append": ""
                }
            ]
        },
        {
            "key": "field_67b2b7f9bf7e0",
            "label": "Grupo Atuação 2",
            "name": "grupo_atuacao_2",
            "aria-label": "",
            "type": "group",
            "instructions": "",
            "required": 0,
            "conditional_logic": [
                [
                    {
                        "field": "field_67b2a630b4dee",
                        "operator": "!=empty"
                    },
                    {
                        "field": "field_67b2a706b4df0",
                        "operator": "!=empty"
                    }
                ]
            ],
            "wrapper": {
                "width": "",
                "class": "",
                "id": ""
            },
            "layout": "block",
            "sub_fields": [
                {
                    "key": "field_67b2b7f9bf7e1",
                    "label": "Imagem Atuação",
                    "name": "imagem_atuacao",
                    "aria-label": "",
                    "type": "image",
                    "instructions": "",
                    "required": 0,
                    "conditional_logic": 0,
                    "wrapper": {
                        "width": "30",
                        "class": "box1",
                        "id": ""
                    },
                    "return_format": "array",
                    "library": "all",
                    "default_value": "",
                    "min_width": "",
                    "min_height": "",
                    "min_size": "",
                    "max_width": "",
                    "max_height": "",
                    "max_size": "",
                    "mime_types": "",
                    "allow_in_bindings": 0,
                    "preview_size": "medium"
                },
                {
                    "key": "field_67b2b7f9bf7e2",
                    "label": "Título Atuação",
                    "name": "titulo_atuacao",
                    "aria-label": "",
                    "type": "text",
                    "instructions": "",
                    "required": 0,
                    "conditional_logic": 0,
                    "wrapper": {
                        "width": "70",
                        "class": "box2",
                        "id": ""
                    },
                    "default_value": "",
                    "maxlength": "",
                    "allow_in_bindings": 0,
                    "placeholder": "",
                    "prepend": "",
                    "append": ""
                },
                {
                    "key": "field_67b2b7f9bf7e3",
                    "label": "Texto Atuação",
                    "name": "texto_atuacao",
                    "aria-label": "",
                    "type": "text",
                    "instructions": "",
                    "required": 0,
                    "conditional_logic": 0,
                    "wrapper": {
                        "width": "70",
                        "class": "box3",
                        "id": ""
                    },
                    "default_value": "",
                    "maxlength": "",
                    "allow_in_bindings": 0,
                    "placeholder": "",
                    "prepend": "",
                    "append": ""
                }
            ]
        },
        {
            "key": "field_67b2b86f76214",
            "label": "Grupo Atuação 3",
            "name": "grupo_atuacao_3",
            "aria-label": "",
            "type": "group",
            "instructions": "",
            "required": 0,
            "conditional_logic": [
                [
                    {
                        "field": "field_67b2a630b4dee",
                        "operator": "!=empty"
                    },
                    {
                        "field": "field_67b2a706b4df0",
                        "operator": "!=empty"
                    },
                    {
                        "field": "field_67b2b7f9bf7e2",
                        "operator": "!=empty"
                    },
                    {
                        "field": "field_67b2b7f9bf7e1",
                        "operator": "!=empty"
                    }
                ]
            ],
            "wrapper": {
                "width": "",
                "class": "acfGrid",
                "id": ""
            },
            "layout": "block",
            "sub_fields": [
                {
                    "key": "field_67b2b86f76215",
                    "label": "Imagem Atuação",
                    "name": "imagem_atuacao",
                    "aria-label": "",
                    "type": "image",
                    "instructions": "",
                    "required": 0,
                    "conditional_logic": 0,
                    "wrapper": {
                        "width": "30",
                        "class": "box1",
                        "id": ""
                    },
                    "return_format": "array",
                    "library": "all",
                    "default_value": "",
                    "min_width": "",
                    "min_height": "",
                    "min_size": "",
                    "max_width": "",
                    "max_height": "",
                    "max_size": "",
                    "mime_types": "",
                    "allow_in_bindings": 0,
                    "preview_size": "medium"
                },
                {
                    "key": "field_67b2b86f76216",
                    "label": "Título Atuação",
                    "name": "titulo_atuacao",
                    "aria-label": "",
                    "type": "text",
                    "instructions": "",
                    "required": 0,
                    "conditional_logic": 0,
                    "wrapper": {
                        "width": "70",
                        "class": "box2",
                        "id": ""
                    },
                    "default_value": "",
                    "maxlength": "",
                    "allow_in_bindings": 0,
                    "placeholder": "",
                    "prepend": "",
                    "append": ""
                },
                {
                    "key": "field_67b2b86f76217",
                    "label": "Texto Atuação",
                    "name": "texto_atuacao",
                    "aria-label": "",
                    "type": "text",
                    "instructions": "",
                    "required": 0,
                    "conditional_logic": 0,
                    "wrapper": {
                        "width": "70",
                        "class": "box3",
                        "id": ""
                    },
                    "default_value": "",
                    "maxlength": "",
                    "allow_in_bindings": 0,
                    "placeholder": "",
                    "prepend": "",
                    "append": ""
                }
            ]
        },
        {
            "key": "field_67b2b87076218",
            "label": "Grupo Atuação 4",
            "name": "grupo_atuacao_4",
            "aria-label": "",
            "type": "group",
            "instructions": "",
            "required": 0,
            "conditional_logic": [
                [
                    {
                        "field": "field_67b2a630b4dee",
                        "operator": "!=empty"
                    },
                    {
                        "field": "field_67b2b7f9bf7e1",
                        "operator": "!=empty"
                    },
                    {
                        "field": "field_67b2b86f76215",
                        "operator": "!=empty"
                    },
                    {
                        "field": "field_67b2a706b4df0",
                        "operator": "!=empty"
                    },
                    {
                        "field": "field_67b2b7f9bf7e2",
                        "operator": "!=empty"
                    },
                    {
                        "field": "field_67b2b86f76215",
                        "operator": "!=empty"
                    }
                ]
            ],
            "wrapper": {
                "width": "",
                "class": "",
                "id": ""
            },
            "layout": "block",
            "sub_fields": [
                {
                    "key": "field_67b2b87176219",
                    "label": "Imagem Atuação",
                    "name": "imagem_atuacao",
                    "aria-label": "",
                    "type": "image",
                    "instructions": "",
                    "required": 0,
                    "conditional_logic": 0,
                    "wrapper": {
                        "width": "30",
                        "class": "box1",
                        "id": ""
                    },
                    "return_format": "array",
                    "library": "all",
                    "default_value": "",
                    "min_width": "",
                    "min_height": "",
                    "min_size": "",
                    "max_width": "",
                    "max_height": "",
                    "max_size": "",
                    "mime_types": "",
                    "allow_in_bindings": 0,
                    "preview_size": "medium"
                },
                {
                    "key": "field_67b2b8717621a",
                    "label": "Título Atuação",
                    "name": "titulo_atuacao",
                    "aria-label": "",
                    "type": "text",
                    "instructions": "",
                    "required": 0,
                    "conditional_logic": 0,
                    "wrapper": {
                        "width": "70",
                        "class": "box2",
                        "id": ""
                    },
                    "default_value": "",
                    "maxlength": "",
                    "allow_in_bindings": 0,
                    "placeholder": "",
                    "prepend": "",
                    "append": ""
                },
                {
                    "key": "field_67b2b8717621b",
                    "label": "Texto Atuação",
                    "name": "texto_atuacao",
                    "aria-label": "",
                    "type": "text",
                    "instructions": "",
                    "required": 0,
                    "conditional_logic": 0,
                    "wrapper": {
                        "width": "70",
                        "class": "box3",
                        "id": ""
                    },
                    "default_value": "",
                    "maxlength": "",
                    "allow_in_bindings": 0,
                    "placeholder": "",
                    "prepend": "",
                    "append": ""
                }
            ]
        },
        {
            "key": "field_67b2b87d7621c",
            "label": "Grupo Atuação 5",
            "name": "grupo_atuacaoB_5",
            "aria-label": "",
            "type": "group",
            "instructions": "",
            "required": 0,
            "conditional_logic": [
                [
                    {
                        "field": "field_67b2a630b4dee",
                        "operator": "!=empty"
                    },
                    {
                        "field": "field_67b2b7f9bf7e1",
                        "operator": "!=empty"
                    },
                    {
                        "field": "field_67b2b86f76215",
                        "operator": "!=empty"
                    },
                    {
                        "field": "field_67b2b87176219",
                        "operator": "!=empty"
                    },
                    {
                        "field": "field_67b2a706b4df0",
                        "operator": "!=empty"
                    },
                    {
                        "field": "field_67b2b7f9bf7e2",
                        "operator": "!=empty"
                    },
                    {
                        "field": "field_67b2b86f76216",
                        "operator": "!=empty"
                    },
                    {
                        "field": "field_67b2b8717621a",
                        "operator": "!=empty"
                    }
                ]
            ],
            "wrapper": {
                "width": "",
                "class": "",
                "id": ""
            },
            "layout": "block",
            "sub_fields": [
                {
                    "key": "field_67b2b87d7621d",
                    "label": "Imagem Atuação",
                    "name": "imagem_atuacao",
                    "aria-label": "",
                    "type": "image",
                    "instructions": "",
                    "required": 0,
                    "conditional_logic": 0,
                    "wrapper": {
                        "width": "30",
                        "class": "box1",
                        "id": ""
                    },
                    "return_format": "url",
                    "library": "all",
                    "default_value": "",
                    "min_width": "",
                    "min_height": "",
                    "min_size": "",
                    "max_width": "",
                    "max_height": "",
                    "max_size": "",
                    "mime_types": "",
                    "allow_in_bindings": 0,
                    "preview_size": "medium"
                },
                {
                    "key": "field_67b2b87d7621e",
                    "label": "Título Atuação",
                    "name": "titulo_atuacao",
                    "aria-label": "",
                    "type": "text",
                    "instructions": "",
                    "required": 0,
                    "conditional_logic": 0,
                    "wrapper": {
                        "width": "70",
                        "class": "box2",
                        "id": ""
                    },
                    "default_value": "",
                    "maxlength": "",
                    "allow_in_bindings": 0,
                    "placeholder": "",
                    "prepend": "",
                    "append": ""
                },
                {
                    "key": "field_67b2b87d7621f",
                    "label": "Texto Atuação",
                    "name": "texto_atuacao",
                    "aria-label": "",
                    "type": "text",
                    "instructions": "",
                    "required": 0,
                    "conditional_logic": 0,
                    "wrapper": {
                        "width": "70",
                        "class": "box3",
                        "id": ""
                    },
                    "default_value": "",
                    "maxlength": "",
                    "allow_in_bindings": 0,
                    "placeholder": "",
                    "prepend": "",
                    "append": ""
                }
            ]
        },
        {
            "key": "field_67b2b8dd76224",
            "label": "Grupo Atuação 6",
            "name": "grupo_atuacao_6",
            "aria-label": "",
            "type": "group",
            "instructions": "",
            "required": 0,
            "conditional_logic": [
                [
                    {
                        "field": "field_67b2a630b4dee",
                        "operator": "!=empty"
                    },
                    {
                        "field": "field_67b2b7f9bf7e1",
                        "operator": "!=empty"
                    },
                    {
                        "field": "field_67b2b86f76215",
                        "operator": "!=empty"
                    },
                    {
                        "field": "field_67b2b87176219",
                        "operator": "!=empty"
                    },
                    {
                        "field": "field_67b2b87d7621d",
                        "operator": "!=empty"
                    },
                    {
                        "field": "field_67b2a630b4dee",
                        "operator": "!=empty"
                    },
                    {
                        "field": "field_67b2b7f9bf7e2",
                        "operator": "!=empty"
                    },
                    {
                        "field": "field_67b2b86f76216",
                        "operator": "!=empty"
                    },
                    {
                        "field": "field_67b2b8717621a",
                        "operator": "!=empty"
                    },
                    {
                        "field": "field_67b2b87d7621e",
                        "operator": "!=empty"
                    }
                ]
            ],
            "wrapper": {
                "width": "",
                "class": "acfGrid",
                "id": ""
            },
            "layout": "block",
            "sub_fields": [
                {
                    "key": "field_67b2b8dd76225",
                    "label": "Imagem Atuação",
                    "name": "imagem_atuacao",
                    "aria-label": "",
                    "type": "image",
                    "instructions": "",
                    "required": 0,
                    "conditional_logic": 0,
                    "wrapper": {
                        "width": "30",
                        "class": "box1",
                        "id": ""
                    },
                    "return_format": "",
                    "library": "",
                    "default_value": "",
                    "min_width": "",
                    "min_height": "",
                    "min_size": "",
                    "max_width": "",
                    "max_height": "",
                    "max_size": "",
                    "mime_types": "",
                    "allow_in_bindings": 0,
                    "preview_size": "medium"
                },
                {
                    "key": "field_67b2b8dd76226",
                    "label": "Título Atuação",
                    "name": "titulo_atuacao",
                    "aria-label": "",
                    "type": "text",
                    "instructions": "",
                    "required": 0,
                    "conditional_logic": 0,
                    "wrapper": {
                        "width": "70",
                        "class": "box2",
                        "id": ""
                    },
                    "default_value": "",
                    "maxlength": "",
                    "allow_in_bindings": 0,
                    "placeholder": "",
                    "prepend": "",
                    "append": ""
                },
                {
                    "key": "field_67b2b8dd76227",
                    "label": "Texto Atuação",
                    "name": "texto_atuacao",
                    "aria-label": "",
                    "type": "text",
                    "instructions": "",
                    "required": 0,
                    "conditional_logic": 0,
                    "wrapper": {
                        "width": "70",
                        "class": "box3",
                        "id": ""
                    },
                    "default_value": "",
                    "maxlength": "",
                    "allow_in_bindings": 0,
                    "placeholder": "",
                    "prepend": "",
                    "append": ""
                }
            ]
        },
        {
            "key": "field_67b2c376ab349",
            "label": "Grupo Atuação 7",
            "name": "grupo_atuacao_7",
            "aria-label": "",
            "type": "group",
            "instructions": "",
            "required": 0,
            "conditional_logic": [
                [
                    {
                        "field": "field_67b2a630b4dee",
                        "operator": "!=empty"
                    },
                    {
                        "field": "field_67b2b7f9bf7e1",
                        "operator": "!=empty"
                    },
                    {
                        "field": "field_67b2b86f76215",
                        "operator": "!=empty"
                    },
                    {
                        "field": "field_67b2b87176219",
                        "operator": "!=empty"
                    },
                    {
                        "field": "field_67b2b87d7621d",
                        "operator": "!=empty"
                    },
                    {
                        "field": "field_67b2a630b4dee",
                        "operator": "!=empty"
                    },
                    {
                        "field": "field_67b2b7f9bf7e2",
                        "operator": "!=empty"
                    },
                    {
                        "field": "field_67b2b86f76216",
                        "operator": "!=empty"
                    },
                    {
                        "field": "field_67b2b8717621a",
                        "operator": "!=empty"
                    },
                    {
                        "field": "field_67b2b8717621a",
                        "operator": "!=empty"
                    },
                    {
                        "field": "field_67b2b87d7621e",
                        "operator": "!=empty"
                    },
                    {
                        "field": "field_67b2b8dd76226",
                        "operator": "!=empty"
                    }
                ]
            ],
            "wrapper": {
                "width": "",
                "class": "acfGrid",
                "id": ""
            },
            "layout": "block",
            "sub_fields": [
                {
                    "key": "field_67b2c377ab34a",
                    "label": "Imagem Atuação",
                    "name": "imagem_atuacao",
                    "aria-label": "",
                    "type": "image",
                    "instructions": "",
                    "required": 0,
                    "conditional_logic": 0,
                    "wrapper": {
                        "width": "30",
                        "class": "box1",
                        "id": ""
                    },
                    "return_format": "",
                    "library": "",
                    "default_value": "",
                    "min_width": "",
                    "min_height": "",
                    "min_size": "",
                    "max_width": "",
                    "max_height": "",
                    "max_size": "",
                    "mime_types": "",
                    "allow_in_bindings": 0,
                    "preview_size": "medium"
                },
                {
                    "key": "field_67b2c377ab34b",
                    "label": "Título Atuação",
                    "name": "titulo_atuacao",
                    "aria-label": "",
                    "type": "text",
                    "instructions": "",
                    "required": 0,
                    "conditional_logic": 0,
                    "wrapper": {
                        "width": "70",
                        "class": "box2",
                        "id": ""
                    },
                    "default_value": "",
                    "maxlength": "",
                    "allow_in_bindings": 0,
                    "placeholder": "",
                    "prepend": "",
                    "append": ""
                },
                {
                    "key": "field_67b2c377ab34c",
                    "label": "Texto Atuação",
                    "name": "texto_atuacao",
                    "aria-label": "",
                    "type": "text",
                    "instructions": "",
                    "required": 0,
                    "conditional_logic": 0,
                    "wrapper": {
                        "width": "70",
                        "class": "box3",
                        "id": ""
                    },
                    "default_value": "",
                    "maxlength": "",
                    "allow_in_bindings": 0,
                    "placeholder": "",
                    "prepend": "",
                    "append": ""
                }
            ]
        },
        {
            "key": "field_67b2c379ab34d",
            "label": "Grupo Atuação 8",
            "name": "grupo_atuacao_8",
            "aria-label": "",
            "type": "group",
            "instructions": "",
            "required": 0,
            "conditional_logic": [
                [
                    {
                        "field": "field_67b2a630b4dee",
                        "operator": "!=empty"
                    },
                    {
                        "field": "field_67b2b7f9bf7e1",
                        "operator": "!=empty"
                    },
                    {
                        "field": "field_67b2b86f76215",
                        "operator": "!=empty"
                    },
                    {
                        "field": "field_67b2b87176219",
                        "operator": "!=empty"
                    },
                    {
                        "field": "field_67b2b87d7621d",
                        "operator": "!=empty"
                    },
                    {
                        "field": "field_67b2a630b4dee",
                        "operator": "!=empty"
                    },
                    {
                        "field": "field_67b2c377ab34a",
                        "operator": "!=empty"
                    },
                    {
                        "field": "field_67b2a706b4df0",
                        "operator": "!=empty"
                    },
                    {
                        "field": "field_67b2b7f9bf7e2",
                        "operator": "!=empty"
                    },
                    {
                        "field": "field_67b2b86f76216",
                        "operator": "!=empty"
                    },
                    {
                        "field": "field_67b2b8717621a",
                        "operator": "!=empty"
                    },
                    {
                        "field": "field_67b2b87d7621e",
                        "operator": "!=empty"
                    },
                    {
                        "field": "field_67b2b8dd76226",
                        "operator": "!=empty"
                    },
                    {
                        "field": "field_67b2c377ab34b",
                        "operator": "!=empty"
                    }
                ]
            ],
            "wrapper": {
                "width": "",
                "class": "acfGrid",
                "id": ""
            },
            "layout": "block",
            "sub_fields": [
                {
                    "key": "field_67b2c379ab34e",
                    "label": "Imagem Atuação",
                    "name": "imagem_atuacao",
                    "aria-label": "",
                    "type": "image",
                    "instructions": "",
                    "required": 0,
                    "conditional_logic": 0,
                    "wrapper": {
                        "width": "30",
                        "class": "box1",
                        "id": ""
                    },
                    "return_format": "",
                    "library": "",
                    "default_value": "",
                    "min_width": "",
                    "min_height": "",
                    "min_size": "",
                    "max_width": "",
                    "max_height": "",
                    "max_size": "",
                    "mime_types": "",
                    "allow_in_bindings": 0,
                    "preview_size": "medium"
                },
                {
                    "key": "field_67b2c379ab34f",
                    "label": "Título Atuação",
                    "name": "titulo_atuacao",
                    "aria-label": "",
                    "type": "text",
                    "instructions": "",
                    "required": 0,
                    "conditional_logic": 0,
                    "wrapper": {
                        "width": "70",
                        "class": "box2",
                        "id": ""
                    },
                    "default_value": "",
                    "maxlength": "",
                    "allow_in_bindings": 0,
                    "placeholder": "",
                    "prepend": "",
                    "append": ""
                },
                {
                    "key": "field_67b2c379ab350",
                    "label": "Texto Atuação",
                    "name": "texto_atuacao",
                    "aria-label": "",
                    "type": "text",
                    "instructions": "",
                    "required": 0,
                    "conditional_logic": 0,
                    "wrapper": {
                        "width": "70",
                        "class": "box3",
                        "id": ""
                    },
                    "default_value": "",
                    "maxlength": "",
                    "allow_in_bindings": 0,
                    "placeholder": "",
                    "prepend": "",
                    "append": ""
                }
            ]
        },
        {
            "key": "field_67b2c37eab351",
            "label": "Grupo Atuação 9",
            "name": "grupo_atuacao_9",
            "aria-label": "",
            "type": "group",
            "instructions": "",
            "required": 0,
            "conditional_logic": [
                [
                    {
                        "field": "field_67b2a630b4dee",
                        "operator": "!=empty"
                    },
                    {
                        "field": "field_67b2b7f9bf7e1",
                        "operator": "!=empty"
                    },
                    {
                        "field": "field_67b2b86f76215",
                        "operator": "!=empty"
                    },
                    {
                        "field": "field_67b2b87176219",
                        "operator": "!=empty"
                    },
                    {
                        "field": "field_67b2b87d7621d",
                        "operator": "!=empty"
                    },
                    {
                        "field": "field_67b2b8dd76225",
                        "operator": "!=empty"
                    },
                    {
                        "field": "field_67b2c377ab34a",
                        "operator": "!=empty"
                    },
                    {
                        "field": "field_67b2c379ab34e",
                        "operator": "!=empty"
                    },
                    {
                        "field": "field_67b2a706b4df0",
                        "operator": "!=empty"
                    },
                    {
                        "field": "field_67b2b7f9bf7e2",
                        "operator": "!=empty"
                    },
                    {
                        "field": "field_67b2b86f76216",
                        "operator": "!=empty"
                    },
                    {
                        "field": "field_67b2b8717621a",
                        "operator": "!=empty"
                    },
                    {
                        "field": "field_67b2b87d7621e",
                        "operator": "!=empty"
                    },
                    {
                        "field": "field_67b2b8dd76226",
                        "operator": "!=empty"
                    },
                    {
                        "field": "field_67b2c377ab34b",
                        "operator": "!=empty"
                    },
                    {
                        "field": "field_67b2c379ab34f",
                        "operator": "!=empty"
                    }
                ]
            ],
            "wrapper": {
                "width": "",
                "class": "acfGrid",
                "id": ""
            },
            "layout": "block",
            "sub_fields": [
                {
                    "key": "field_67b2c37eab352",
                    "label": "Imagem Atuação",
                    "name": "imagem_atuacao",
                    "aria-label": "",
                    "type": "image",
                    "instructions": "",
                    "required": 0,
                    "conditional_logic": 0,
                    "wrapper": {
                        "width": "30",
                        "class": "box1",
                        "id": ""
                    },
                    "return_format": "",
                    "library": "",
                    "default_value": "",
                    "min_width": "",
                    "min_height": "",
                    "min_size": "",
                    "max_width": "",
                    "max_height": "",
                    "max_size": "",
                    "mime_types": "",
                    "allow_in_bindings": 0,
                    "preview_size": "medium"
                },
                {
                    "key": "field_67b2c37eab353",
                    "label": "Título Atuação",
                    "name": "titulo_atuacao",
                    "aria-label": "",
                    "type": "text",
                    "instructions": "",
                    "required": 0,
                    "conditional_logic": 0,
                    "wrapper": {
                        "width": "70",
                        "class": "box2",
                        "id": ""
                    },
                    "default_value": "",
                    "maxlength": "",
                    "allow_in_bindings": 0,
                    "placeholder": "",
                    "prepend": "",
                    "append": ""
                },
                {
                    "key": "field_67b2c37eab354",
                    "label": "Texto Atuação",
                    "name": "texto_atuacao",
                    "aria-label": "",
                    "type": "text",
                    "instructions": "",
                    "required": 0,
                    "conditional_logic": 0,
                    "wrapper": {
                        "width": "70",
                        "class": "box3",
                        "id": ""
                    },
                    "default_value": "",
                    "maxlength": "",
                    "allow_in_bindings": 0,
                    "placeholder": "",
                    "prepend": "",
                    "append": ""
                }
            ]
        },
        {
            "key": "field_67b2dbb4eef49",
            "label": "Grupo Atuação 10",
            "name": "grupo_atuacao_10",
            "aria-label": "",
            "type": "group",
            "instructions": "",
            "required": 0,
            "conditional_logic": [
                [
                    {
                        "field": "field_67b2a630b4dee",
                        "operator": "!=empty"
                    },
                    {
                        "field": "field_67b2b7f9bf7e1",
                        "operator": "!=empty"
                    },
                    {
                        "field": "field_67b2b86f76215",
                        "operator": "!=empty"
                    },
                    {
                        "field": "field_67b2b87176219",
                        "operator": "!=empty"
                    },
                    {
                        "field": "field_67b2b87d7621d",
                        "operator": "!=empty"
                    },
                    {
                        "field": "field_67b2b8dd76225",
                        "operator": "!=empty"
                    },
                    {
                        "field": "field_67b2c377ab34a",
                        "operator": "!=empty"
                    },
                    {
                        "field": "field_67b2c379ab34e",
                        "operator": "!=empty"
                    },
                    {
                        "field": "field_67b2c37eab352",
                        "operator": "!=empty"
                    },
                    {
                        "field": "field_67b2a706b4df0",
                        "operator": "!=empty"
                    },
                    {
                        "field": "field_67b2b7f9bf7e2",
                        "operator": "!=empty"
                    },
                    {
                        "field": "field_67b2b86f76216",
                        "operator": "!=empty"
                    },
                    {
                        "field": "field_67b2b8717621a",
                        "operator": "!=empty"
                    },
                    {
                        "field": "field_67b2b87d7621e",
                        "operator": "!=empty"
                    },
                    {
                        "field": "field_67b2b8dd76226",
                        "operator": "!=empty"
                    },
                    {
                        "field": "field_67b2c377ab34b",
                        "operator": "!=empty"
                    },
                    {
                        "field": "field_67b2c379ab34f",
                        "operator": "!=empty"
                    },
                    {
                        "field": "field_67b2c37eab353",
                        "operator": "!=empty"
                    }
                ]
            ],
            "wrapper": {
                "width": "",
                "class": "acfGrid",
                "id": ""
            },
            "layout": "block",
            "sub_fields": [
                {
                    "key": "field_67b2dbb4eef4a",
                    "label": "Imagem Atuação",
                    "name": "imagem_atuacao",
                    "aria-label": "",
                    "type": "image",
                    "instructions": "",
                    "required": 0,
                    "conditional_logic": 0,
                    "wrapper": {
                        "width": "30",
                        "class": "box1",
                        "id": ""
                    },
                    "return_format": "array",
                    "library": "all",
                    "default_value": "",
                    "min_width": "",
                    "min_height": "",
                    "min_size": "",
                    "max_width": "",
                    "max_height": "",
                    "max_size": "",
                    "mime_types": "",
                    "allow_in_bindings": 0,
                    "preview_size": "medium"
                },
                {
                    "key": "field_67b2dbb4eef4b",
                    "label": "Título Atuação",
                    "name": "titulo_atuacao",
                    "aria-label": "",
                    "type": "text",
                    "instructions": "",
                    "required": 0,
                    "conditional_logic": 0,
                    "wrapper": {
                        "width": "70",
                        "class": "box2",
                        "id": ""
                    },
                    "default_value": "",
                    "maxlength": "",
                    "allow_in_bindings": 0,
                    "placeholder": "",
                    "prepend": "",
                    "append": ""
                },
                {
                    "key": "field_67b2dbb4eef4c",
                    "label": "Texto Atuação",
                    "name": "texto_atuacao",
                    "aria-label": "",
                    "type": "text",
                    "instructions": "",
                    "required": 0,
                    "conditional_logic": 0,
                    "wrapper": {
                        "width": "70",
                        "class": "box3",
                        "id": ""
                    },
                    "default_value": "",
                    "maxlength": "",
                    "allow_in_bindings": 0,
                    "placeholder": "",
                    "prepend": "",
                    "append": ""
                }
            ]
        }
    ],
    "location": [
        [
            {
                "param": "post_type",
                "operator": "==",
                "value": "atuacao"
            }
        ]
    ],
    "menu_order": 0,
    "position": "normal",
    "style": "default",
    "label_placement": "top",
    "instruction_placement": "label",
    "hide_on_screen": [
        "permalink",
        "the_content",
        "excerpt",
        "discussion",
        "comments",
        "revisions",
        "slug",
        "author",
        "format",
        "page_attributes",
        "featured_image",
        "categories",
        "tags",
        "send-trackbacks"
    ],
    "active": false,
    "description": "Atuação admin",
    "show_in_rest": 1,
    "modified": 1739947064
}
