{
    "key": "group_6713267cbc998",
    "title": "Diferencial",
    "fields": [
        {
            "key": "field_67b1322451a03",
            "label": "Relação de Diferenciais",
            "name": "relacao_de_diferenciais",
            "aria-label": "",
            "type": "group",
            "instructions": "",
            "required": 0,
            "conditional_logic": 0,
            "wrapper": {
                "width": "",
                "class": "",
                "id": ""
            },
            "layout": "block",
            "sub_fields": []
        },
        {
            "key": "field_6713267cc70b6",
            "label": "Texto Diferencial 1",
            "name": "texto_diferencial_1",
            "aria-label": "",
            "type": "textarea",
            "instructions": "",
            "required": 0,
            "conditional_logic": 0,
            "wrapper": {
                "width": "",
                "class": "",
                "id": ""
            },
            "default_value": "",
            "maxlength": "",
            "allow_in_bindings": 1,
            "rows": 3,
            "placeholder": "",
            "new_lines": ""
        },
        {
            "key": "field_67b1238eb5d17",
            "label": "Texto Diferencial 2",
            "name": "texto_diferencial_2",
            "aria-label": "",
            "type": "textarea",
            "instructions": "",
            "required": 0,
            "conditional_logic": [
                [
                    {
                        "field": "field_6713267cc70b6",
                        "operator": "!=empty"
                    }
                ]
            ],
            "wrapper": {
                "width": "",
                "class": "",
                "id": ""
            },
            "default_value": "",
            "maxlength": "",
            "allow_in_bindings": 1,
            "rows": 3,
            "placeholder": "",
            "new_lines": ""
        },
        {
            "key": "field_67b123a3b5d18",
            "label": "Texto Diferencial 3",
            "name": "texto_diferencial_3",
            "aria-label": "",
            "type": "textarea",
            "instructions": "",
            "required": 0,
            "conditional_logic": [
                [
                    {
                        "field": "field_67b1238eb5d17",
                        "operator": "!=empty"
                    },
                    {
                        "field": "field_6713267cc70b6",
                        "operator": "!=empty"
                    }
                ]
            ],
            "wrapper": {
                "width": "",
                "class": "",
                "id": ""
            },
            "default_value": "",
            "maxlength": "",
            "allow_in_bindings": 1,
            "rows": 3,
            "placeholder": "",
            "new_lines": ""
        },
        {
            "key": "field_67b123abb5d19",
            "label": "Texto Diferencial 4",
            "name": "texto_diferencial_4",
            "aria-label": "",
            "type": "textarea",
            "instructions": "",
            "required": 0,
            "conditional_logic": [
                [
                    {
                        "field": "field_67b123a3b5d18",
                        "operator": "!=empty"
                    },
                    {
                        "field": "field_67b1238eb5d17",
                        "operator": "!=empty"
                    },
                    {
                        "field": "field_6713267cc70b6",
                        "operator": "!=empty"
                    }
                ]
            ],
            "wrapper": {
                "width": "",
                "class": "",
                "id": ""
            },
            "default_value": "",
            "maxlength": "",
            "allow_in_bindings": 1,
            "rows": 3,
            "placeholder": "",
            "new_lines": ""
        },
        {
            "key": "field_67b123e0b5d1d",
            "label": "Texto Diferencial 5",
            "name": "texto_diferencial_5",
            "aria-label": "",
            "type": "textarea",
            "instructions": "",
            "required": 0,
            "conditional_logic": [
                [
                    {
                        "field": "field_67b123a3b5d18",
                        "operator": "!=empty"
                    },
                    {
                        "field": "field_67b1238eb5d17",
                        "operator": "!=empty"
                    },
                    {
                        "field": "field_6713267cc70b6",
                        "operator": "!=empty"
                    },
                    {
                        "field": "field_67b123abb5d19",
                        "operator": "!=empty"
                    }
                ]
            ],
            "wrapper": {
                "width": "",
                "class": "",
                "id": ""
            },
            "default_value": "",
            "maxlength": "",
            "allow_in_bindings": 1,
            "rows": 3,
            "placeholder": "",
            "new_lines": ""
        },
        {
            "key": "field_67b123edb5d1f",
            "label": "Texto Diferencial 6",
            "name": "texto_diferencial_6",
            "aria-label": "",
            "type": "textarea",
            "instructions": "",
            "required": 0,
            "conditional_logic": [
                [
                    {
                        "field": "field_67b123a3b5d18",
                        "operator": "!=empty"
                    },
                    {
                        "field": "field_67b1238eb5d17",
                        "operator": "!=empty"
                    },
                    {
                        "field": "field_6713267cc70b6",
                        "operator": "!=empty"
                    },
                    {
                        "field": "field_67b123abb5d19",
                        "operator": "!=empty"
                    },
                    {
                        "field": "field_67b123e0b5d1d",
                        "operator": "!=empty"
                    }
                ]
            ],
            "wrapper": {
                "width": "",
                "class": "",
                "id": ""
            },
            "default_value": "",
            "maxlength": "",
            "allow_in_bindings": 1,
            "rows": 3,
            "placeholder": "",
            "new_lines": ""
        },
        {
            "key": "field_67b123fcb5d21",
            "label": "Texto Diferencial 7",
            "name": "texto_diferencial_7",
            "aria-label": "",
            "type": "textarea",
            "instructions": "",
            "required": 0,
            "conditional_logic": [
                [
                    {
                        "field": "field_67b123a3b5d18",
                        "operator": "!=empty"
                    },
                    {
                        "field": "field_67b1238eb5d17",
                        "operator": "!=empty"
                    },
                    {
                        "field": "field_6713267cc70b6",
                        "operator": "!=empty"
                    },
                    {
                        "field": "field_67b123abb5d19",
                        "operator": "!=empty"
                    },
                    {
                        "field": "field_67b123e0b5d1d",
                        "operator": "!=empty"
                    },
                    {
                        "field": "field_67b123edb5d1f",
                        "operator": "!=empty"
                    }
                ]
            ],
            "wrapper": {
                "width": "",
                "class": "",
                "id": ""
            },
            "default_value": "",
            "maxlength": "",
            "allow_in_bindings": 1,
            "rows": 3,
            "placeholder": "",
            "new_lines": ""
        },
        {
            "key": "field_67b132ae83482",
            "label": "Texto Diferencial 8",
            "name": "texto_diferencial_8",
            "aria-label": "",
            "type": "textarea",
            "instructions": "",
            "required": 0,
            "conditional_logic": [
                [
                    {
                        "field": "field_67b123a3b5d18",
                        "operator": "!=empty"
                    },
                    {
                        "field": "field_67b1238eb5d17",
                        "operator": "!=empty"
                    },
                    {
                        "field": "field_6713267cc70b6",
                        "operator": "!=empty"
                    },
                    {
                        "field": "field_67b123abb5d19",
                        "operator": "!=empty"
                    },
                    {
                        "field": "field_67b123e0b5d1d",
                        "operator": "!=empty"
                    },
                    {
                        "field": "field_67b123edb5d1f",
                        "operator": "!=empty"
                    },
                    {
                        "field": "field_67b123fcb5d21",
                        "operator": "!=empty"
                    }
                ]
            ],
            "wrapper": {
                "width": "",
                "class": "",
                "id": ""
            },
            "default_value": "",
            "maxlength": "",
            "allow_in_bindings": 1,
            "rows": 3,
            "placeholder": "",
            "new_lines": ""
        }
    ],
    "location": [
        [
            {
                "param": "post_type",
                "operator": "==",
                "value": "diferenciais"
            }
        ]
    ],
    "menu_order": 0,
    "position": "normal",
    "style": "default",
    "label_placement": "top",
    "instruction_placement": "label",
    "hide_on_screen": [
        "permalink",
        "the_content",
        "excerpt",
        "discussion",
        "comments",
        "revisions",
        "slug",
        "author",
        "format",
        "page_attributes",
        "featured_image",
        "categories",
        "tags",
        "send-trackbacks"
    ],
    "active": true,
    "description": "Diferenciais",
    "show_in_rest": 0,
    "modified": 1739676520
}
