{
    "key": "group_67b823ef1af92",
    "title": "A equipe Posts",
    "fields": [
        {
            "key": "field_67b824d58f26d",
            "label": "Número Item",
            "name": "numero_item_equipe",
            "aria-label": "",
            "type": "number",
            "instructions": "",
            "required": 1,
            "conditional_logic": 0,
            "wrapper": {
                "width": "30",
                "class": "box-2",
                "id": ""
            },
            "default_value": "",
            "min": 1,
            "max": "",
            "allow_in_bindings": 0,
            "placeholder": "",
            "step": "",
            "prepend": "",
            "append": ""
        },
        {
            "key": "field_67b823ef229ac",
            "label": "Imagem Equipe",
            "name": "imagem_equipe",
            "aria-label": "",
            "type": "image",
            "instructions": "",
            "required": 1,
            "conditional_logic": 0,
            "wrapper": {
                "width": "30",
                "class": "box1",
                "id": ""
            },
            "return_format": "url",
            "library": "all",
            "default_value": "",
            "min_width": "",
            "min_height": "",
            "min_size": "",
            "max_width": "",
            "max_height": "",
            "max_size": "",
            "mime_types": "",
            "allow_in_bindings": 0,
            "preview_size": "medium"
        },
        {
            "key": "field_67b823ef2645d",
            "label": "Texto Detalhe Equipe (Detalhe Publicação)",
            "name": "texto_detalhe_equipe",
            "aria-label": "",
            "type": "wysiwyg",
            "instructions": "",
            "required": 0,
            "conditional_logic": 0,
            "wrapper": {
                "width": "",
                "class": "",
                "id": ""
            },
            "default_value": "",
            "allow_in_bindings": 1,
            "tabs": "all",
            "toolbar": "full",
            "media_upload": 0,
            "delay": 1
        }
    ],
    "location": [
        [
            {
                "param": "post_type",
                "operator": "==",
                "value": "nossa-equipe"
            }
        ]
    ],
    "menu_order": 0,
    "position": "normal",
    "style": "default",
    "label_placement": "top",
    "instruction_placement": "label",
    "hide_on_screen": [
        "the_content",
        "excerpt",
        "discussion",
        "comments",
        "revisions",
        "author",
        "format",
        "page_attributes",
        "featured_image",
        "categories",
        "tags",
        "send-trackbacks"
    ],
    "active": true,
    "description": "equipe Posts",
    "show_in_rest": 1,
    "modified": 1740122534
}
